商品,日期,今值,预测值,前值
中国规模以上工业增加值年率报告,1990-03-01,5.0,,
中国规模以上工业增加值年率报告,1990-04-01,0.8,,5.0
中国规模以上工业增加值年率报告,1990-05-01,1.7,,0.8
中国规模以上工业增加值年率报告,1990-06-01,3.3,,1.7
中国规模以上工业增加值年率报告,1990-07-01,5.0,,3.3
中国规模以上工业增加值年率报告,1990-08-01,2.5,,5.0
中国规模以上工业增加值年率报告,1990-09-01,4.2,,2.5
中国规模以上工业增加值年率报告,1990-10-01,6.7,,4.2
中国规模以上工业增加值年率报告,1990-11-01,10.9,,6.7
中国规模以上工业增加值年率报告,1990-12-01,12.6,,10.9
中国规模以上工业增加值年率报告,1991-01-01,12.6,,12.6
中国规模以上工业增加值年率报告,1991-02-01,23.5,,12.6
中国规模以上工业增加值年率报告,1991-03-01,9.2,,23.5
中国规模以上工业增加值年率报告,1991-04-01,10.9,,9.2
中国规模以上工业增加值年率报告,1991-05-01,10.9,,10.9
中国规模以上工业增加值年率报告,1991-06-01,10.9,,10.9
中国规模以上工业增加值年率报告,1991-07-01,9.2,,10.9
中国规模以上工业增加值年率报告,1991-08-01,10.9,,9.2
中国规模以上工业增加值年率报告,1991-09-01,11.8,,10.9
中国规模以上工业增加值年率报告,1991-10-01,12.6,,11.8
中国规模以上工业增加值年率报告,1991-11-01,11.8,,12.6
中国规模以上工业增加值年率报告,1991-12-01,7.6,,11.8
中国规模以上工业增加值年率报告,1992-01-01,5.0,,7.6
中国规模以上工业增加值年率报告,1992-02-01,10.9,,5.0
中国规模以上工业增加值年率报告,1992-03-01,18.5,,10.9
中国规模以上工业增加值年率报告,1992-04-01,16.8,,18.5
中国规模以上工业增加值年率报告,1992-05-01,15.1,,16.8
中国规模以上工业增加值年率报告,1992-06-01,14.3,,15.1
中国规模以上工业增加值年率报告,1992-07-01,16.8,,14.3
中国规模以上工业增加值年率报告,1992-08-01,19.3,,16.8
中国规模以上工业增加值年率报告,1992-09-01,17.6,,19.3
中国规模以上工业增加值年率报告,1992-10-01,17.6,,17.6
中国规模以上工业增加值年率报告,1992-11-01,18.5,,17.6
中国规模以上工业增加值年率报告,1992-12-01,21.8,,18.5
中国规模以上工业增加值年率报告,1993-01-01,26.9,,21.8
中国规模以上工业增加值年率报告,1993-02-01,8.4,,26.9
中国规模以上工业增加值年率报告,1993-03-01,27.7,,8.4
中国规模以上工业增加值年率报告,1993-04-01,21.8,,27.7
中国规模以上工业增加值年率报告,1993-05-01,21.0,,21.8
中国规模以上工业增加值年率报告,1993-06-01,22.7,,21.0
中国规模以上工业增加值年率报告,1993-07-01,25.2,,22.7
中国规模以上工业增加值年率报告,1993-08-01,21.0,,25.2
中国规模以上工业增加值年率报告,1993-09-01,19.3,,21.0
中国规模以上工业增加值年率报告,1993-10-01,16.0,,19.3
中国规模以上工业增加值年率报告,1993-11-01,13.4,,16.0
中国规模以上工业增加值年率报告,1993-12-01,16.0,,13.4
中国规模以上工业增加值年率报告,1994-01-01,25.2,,16.0
中国规模以上工业增加值年率报告,1994-02-01,27.7,,25.2
中国规模以上工业增加值年率报告,1994-03-01,3.4,,27.7
中国规模以上工业增加值年率报告,1994-04-01,16.0,,3.4
中国规模以上工业增加值年率报告,1994-05-01,16.8,,16.0
中国规模以上工业增加值年率报告,1994-06-01,17.6,,16.8
中国规模以上工业增加值年率报告,1994-07-01,15.1,,17.6
中国规模以上工业增加值年率报告,1994-08-01,15.1,,15.1
中国规模以上工业增加值年率报告,1994-09-01,29.4,,15.1
中国规模以上工业增加值年率报告,1994-10-01,21.8,,29.4
中国规模以上工业增加值年率报告,1994-11-01,24.4,,21.8
中国规模以上工业增加值年率报告,1994-12-01,23.5,,24.4
中国规模以上工业增加值年率报告,1995-01-01,18.5,,23.5
中国规模以上工业增加值年率报告,1995-02-01,11.4,,18.5
中国规模以上工业增加值年率报告,1995-03-01,15.5,,11.4
中国规模以上工业增加值年率报告,1995-04-01,16.4,,15.5
中国规模以上工业增加值年率报告,1995-05-01,15.4,,16.4
中国规模以上工业增加值年率报告,1995-06-01,13.1,,15.4
中国规模以上工业增加值年率报告,1995-07-01,13.9,,13.1
中国规模以上工业增加值年率报告,1995-08-01,13.6,,13.9
中国规模以上工业增加值年率报告,1995-09-01,11.8,,13.6
中国规模以上工业增加值年率报告,1995-10-01,11.4,,11.8
中国规模以上工业增加值年率报告,1995-11-01,12.9,,11.4
中国规模以上工业增加值年率报告,1995-12-01,12.1,,12.9
中国规模以上工业增加值年率报告,1996-01-01,14.9,,12.1
中国规模以上工业增加值年率报告,1996-02-01,16.9,,14.9
中国规模以上工业增加值年率报告,1996-03-01,12.2,,16.9
中国规模以上工业增加值年率报告,1996-04-01,12.2,,12.2
中国规模以上工业增加值年率报告,1996-05-01,13.7,,12.2
中国规模以上工业增加值年率报告,1996-06-01,13.1,,13.7
中国规模以上工业增加值年率报告,1996-07-01,13.8,,13.1
中国规模以上工业增加值年率报告,1996-08-01,12.2,,13.8
中国规模以上工业增加值年率报告,1996-09-01,10.6,,12.2
中国规模以上工业增加值年率报告,1996-10-01,13.7,,10.6
中国规模以上工业增加值年率报告,1996-11-01,13.3,,13.7
中国规模以上工业增加值年率报告,1996-12-01,13.4,,13.3
中国规模以上工业增加值年率报告,1997-01-01,14.0,,13.4
中国规模以上工业增加值年率报告,1997-02-01,10.3,,14.0
中国规模以上工业增加值年率报告,1997-03-01,10.4,,10.3
中国规模以上工业增加值年率报告,1997-04-01,13.5,,10.4
中国规模以上工业增加值年率报告,1997-05-01,11.9,,13.5
中国规模以上工业增加值年率报告,1997-06-01,11.9,,11.9
中国规模以上工业增加值年率报告,1997-07-01,12.1,,11.9
中国规模以上工业增加值年率报告,1997-08-01,8.4,,12.1
中国规模以上工业增加值年率报告,1997-09-01,10.9,,8.4
中国规模以上工业增加值年率报告,1997-10-01,11.1,,10.9
中国规模以上工业增加值年率报告,1997-11-01,11.8,,11.1
中国规模以上工业增加值年率报告,1997-12-01,11.6,,11.8
中国规模以上工业增加值年率报告,1998-01-01,9.2,,11.6
中国规模以上工业增加值年率报告,1998-02-01,1.8,,9.2
中国规模以上工业增加值年率报告,1998-03-01,9.5,,1.8
中国规模以上工业增加值年率报告,1998-04-01,9.0,,9.5
中国规模以上工业增加值年率报告,1998-05-01,7.2,,9.0
中国规模以上工业增加值年率报告,1998-06-01,8.0,,7.2
中国规模以上工业增加值年率报告,1998-07-01,7.9,,8.0
中国规模以上工业增加值年率报告,1998-08-01,7.6,,7.9
中国规模以上工业增加值年率报告,1998-09-01,7.9,,7.6
中国规模以上工业增加值年率报告,1998-10-01,10.2,,7.9
中国规模以上工业增加值年率报告,1998-11-01,10.6,,10.2
中国规模以上工业增加值年率报告,1998-12-01,11.0,,10.6
中国规模以上工业增加值年率报告,1999-01-01,11.5,,11.0
中国规模以上工业增加值年率报告,1999-02-01,17.9,,11.5
中国规模以上工业增加值年率报告,1999-03-01,2.1,,17.9
中国规模以上工业增加值年率报告,1999-04-01,9.0,,2.1
中国规模以上工业增加值年率报告,1999-05-01,9.1,,9.0
中国规模以上工业增加值年率报告,1999-06-01,8.9,,9.1
中国规模以上工业增加值年率报告,1999-07-01,9.1,,8.9
中国规模以上工业增加值年率报告,1999-08-01,9.3,,9.1
中国规模以上工业增加值年率报告,1999-09-01,9.5,,9.3
中国规模以上工业增加值年率报告,1999-10-01,8.2,,9.5
中国规模以上工业增加值年率报告,1999-11-01,7.0,,8.2
中国规模以上工业增加值年率报告,1999-12-01,7.6,,7.0
中国规模以上工业增加值年率报告,2000-01-01,7.4,,7.6
中国规模以上工业增加值年率报告,2000-02-01,8.9,,7.4
中国规模以上工业增加值年率报告,2000-03-01,12.0,,8.9
中国规模以上工业增加值年率报告,2000-04-01,11.9,,12.0
中国规模以上工业增加值年率报告,2000-05-01,11.4,,11.9
中国规模以上工业增加值年率报告,2000-06-01,11.5,,11.4
中国规模以上工业增加值年率报告,2000-07-01,12.2,,11.5
中国规模以上工业增加值年率报告,2000-08-01,12.8,,12.2
中国规模以上工业增加值年率报告,2000-09-01,12.8,,12.8
中国规模以上工业增加值年率报告,2000-10-01,12.0,,12.8
中国规模以上工业增加值年率报告,2000-11-01,11.4,,12.0
中国规模以上工业增加值年率报告,2000-12-01,10.6,,11.4
中国规模以上工业增加值年率报告,2001-01-01,10.4,,10.6
中国规模以上工业增加值年率报告,2001-02-01,2.3,,10.4
中国规模以上工业增加值年率报告,2001-03-01,19.0,,2.3
中国规模以上工业增加值年率报告,2001-04-01,12.1,,19.0
中国规模以上工业增加值年率报告,2001-05-01,11.5,,12.1
中国规模以上工业增加值年率报告,2001-06-01,10.2,,11.5
中国规模以上工业增加值年率报告,2001-07-01,10.1,,10.2
中国规模以上工业增加值年率报告,2001-08-01,8.1,,10.1
中国规模以上工业增加值年率报告,2001-09-01,8.1,,8.1
中国规模以上工业增加值年率报告,2001-10-01,9.5,,8.1
中国规模以上工业增加值年率报告,2001-11-01,8.8,,9.5
中国规模以上工业增加值年率报告,2001-12-01,7.9,,8.8
中国规模以上工业增加值年率报告,2002-01-01,8.7,,7.9
中国规模以上工业增加值年率报告,2002-02-01,18.6,,8.7
中国规模以上工业增加值年率报告,2002-03-01,2.7,,18.6
中国规模以上工业增加值年率报告,2002-04-01,10.9,,2.7
中国规模以上工业增加值年率报告,2002-05-01,12.1,,10.9
中国规模以上工业增加值年率报告,2002-06-01,12.9,,12.1
中国规模以上工业增加值年率报告,2002-07-01,12.4,,12.9
中国规模以上工业增加值年率报告,2002-08-01,12.8,,12.4
中国规模以上工业增加值年率报告,2002-09-01,12.7,,12.8
中国规模以上工业增加值年率报告,2002-10-01,13.8,,12.7
中国规模以上工业增加值年率报告,2002-11-01,14.2,,13.8
中国规模以上工业增加值年率报告,2002-12-01,14.5,,14.2
中国规模以上工业增加值年率报告,2003-01-01,14.9,,14.5
中国规模以上工业增加值年率报告,2003-02-01,14.8,,14.9
中国规模以上工业增加值年率报告,2003-03-01,19.8,,14.8
中国规模以上工业增加值年率报告,2003-04-01,16.9,,19.8
中国规模以上工业增加值年率报告,2003-05-01,14.9,,16.9
中国规模以上工业增加值年率报告,2003-06-01,13.7,,14.9
中国规模以上工业增加值年率报告,2003-07-01,16.9,,13.7
中国规模以上工业增加值年率报告,2003-08-01,16.5,,16.9
中国规模以上工业增加值年率报告,2003-09-01,17.1,,16.5
中国规模以上工业增加值年率报告,2003-10-01,16.3,,17.1
中国规模以上工业增加值年率报告,2003-11-01,17.2,,16.3
中国规模以上工业增加值年率报告,2003-12-01,17.9,,17.2
中国规模以上工业增加值年率报告,2004-01-01,18.1,,17.9
中国规模以上工业增加值年率报告,2004-02-01,7.2,,18.1
中国规模以上工业增加值年率报告,2004-03-01,23.2,,7.2
中国规模以上工业增加值年率报告,2004-04-01,19.4,,23.2
中国规模以上工业增加值年率报告,2004-05-01,19.1,,19.4
中国规模以上工业增加值年率报告,2004-06-01,17.5,,19.1
中国规模以上工业增加值年率报告,2004-07-01,16.2,,17.5
中国规模以上工业增加值年率报告,2004-08-01,15.5,,16.2
中国规模以上工业增加值年率报告,2004-09-01,15.9,,15.5
中国规模以上工业增加值年率报告,2004-10-01,16.1,,15.9
中国规模以上工业增加值年率报告,2004-11-01,15.7,,16.1
中国规模以上工业增加值年率报告,2004-12-01,14.8,,15.7
中国规模以上工业增加值年率报告,2005-01-01,14.4,,14.8
中国规模以上工业增加值年率报告,2005-02-01,20.9,,14.4
中国规模以上工业增加值年率报告,2005-03-01,7.6,,20.9
中国规模以上工业增加值年率报告,2005-04-01,15.1,,7.6
中国规模以上工业增加值年率报告,2005-05-01,16.0,,15.1
中国规模以上工业增加值年率报告,2005-06-01,16.6,,16.0
中国规模以上工业增加值年率报告,2005-07-01,16.8,,16.6
中国规模以上工业增加值年率报告,2005-08-01,16.1,,16.8
中国规模以上工业增加值年率报告,2005-09-01,16.0,,16.1
中国规模以上工业增加值年率报告,2005-10-01,16.5,,16.0
中国规模以上工业增加值年率报告,2005-11-01,16.1,,16.5
中国规模以上工业增加值年率报告,2005-12-01,16.6,,16.1
中国规模以上工业增加值年率报告,2006-01-01,16.5,,16.6
中国规模以上工业增加值年率报告,2006-03-01,20.1,,16.5
中国规模以上工业增加值年率报告,2006-04-01,17.8,,20.1
中国规模以上工业增加值年率报告,2006-05-01,16.6,,17.8
中国规模以上工业增加值年率报告,2006-06-01,17.9,,16.6
中国规模以上工业增加值年率报告,2006-07-01,19.5,,17.9
中国规模以上工业增加值年率报告,2006-08-01,16.7,,19.5
中国规模以上工业增加值年率报告,2006-09-01,15.7,,16.7
中国规模以上工业增加值年率报告,2006-10-01,16.1,,15.7
中国规模以上工业增加值年率报告,2006-11-01,14.7,,16.1
中国规模以上工业增加值年率报告,2006-12-01,14.9,,14.7
中国规模以上工业增加值年率报告,2007-01-01,14.7,,14.9
中国规模以上工业增加值年率报告,2007-03-01,12.6,,14.7
中国规模以上工业增加值年率报告,2007-04-01,17.6,,12.6
中国规模以上工业增加值年率报告,2007-05-01,17.4,,17.6
中国规模以上工业增加值年率报告,2007-06-01,18.1,,17.4
中国规模以上工业增加值年率报告,2007-07-01,19.4,,18.1
中国规模以上工业增加值年率报告,2007-08-01,18.0,,19.4
中国规模以上工业增加值年率报告,2007-09-01,17.5,,18.0
中国规模以上工业增加值年率报告,2007-10-01,18.9,,17.5
中国规模以上工业增加值年率报告,2007-11-01,17.9,,18.9
中国规模以上工业增加值年率报告,2007-12-01,17.3,,17.9
中国规模以上工业增加值年率报告,2008-01-01,17.4,,17.3
中国规模以上工业增加值年率报告,2008-03-01,15.4,,17.4
中国规模以上工业增加值年率报告,2008-04-01,17.8,,15.4
中国规模以上工业增加值年率报告,2008-05-01,15.7,,17.8
中国规模以上工业增加值年率报告,2008-06-01,16.0,,15.7
中国规模以上工业增加值年率报告,2008-07-01,16.0,,16.0
中国规模以上工业增加值年率报告,2008-08-01,14.7,,16.0
中国规模以上工业增加值年率报告,2008-09-01,12.8,,14.7
中国规模以上工业增加值年率报告,2008-10-01,11.4,,12.8
中国规模以上工业增加值年率报告,2008-11-01,8.2,,11.4
中国规模以上工业增加值年率报告,2008-12-01,5.4,,8.2
中国规模以上工业增加值年率报告,2009-01-01,5.7,,5.4
中国规模以上工业增加值年率报告,2009-03-01,11.0,,5.7
中国规模以上工业增加值年率报告,2009-04-01,8.3,,11.0
中国规模以上工业增加值年率报告,2009-05-01,7.3,,8.3
中国规模以上工业增加值年率报告,2009-06-01,8.9,,7.3
中国规模以上工业增加值年率报告,2009-07-01,10.7,,8.9
中国规模以上工业增加值年率报告,2009-08-01,10.8,,10.7
中国规模以上工业增加值年率报告,2009-09-01,12.3,,10.8
中国规模以上工业增加值年率报告,2009-10-01,13.9,,12.3
中国规模以上工业增加值年率报告,2009-11-01,16.1,,13.9
中国规模以上工业增加值年率报告,2009-12-01,19.2,,16.1
中国规模以上工业增加值年率报告,2010-01-01,18.5,,19.2
中国规模以上工业增加值年率报告,2010-03-01,12.8,,18.5
中国规模以上工业增加值年率报告,2010-04-01,18.1,,12.8
中国规模以上工业增加值年率报告,2010-05-01,17.8,,18.1
中国规模以上工业增加值年率报告,2010-06-01,16.5,,17.8
中国规模以上工业增加值年率报告,2010-07-01,13.7,,16.5
中国规模以上工业增加值年率报告,2010-08-01,13.4,,13.7
中国规模以上工业增加值年率报告,2010-09-01,13.9,,13.4
中国规模以上工业增加值年率报告,2010-10-01,13.3,,13.9
中国规模以上工业增加值年率报告,2010-11-01,13.1,,13.3
中国规模以上工业增加值年率报告,2010-12-11,13.3,13.0,13.1
中国规模以上工业增加值年率报告,2011-01-20,13.5,13.3,13.3
中国规模以上工业增加值年率报告,2011-03-11,14.1,13.0,13.5
中国规模以上工业增加值年率报告,2011-04-15,14.8,14.8,14.1
中国规模以上工业增加值年率报告,2011-05-11,13.4,14.7,14.8
中国规模以上工业增加值年率报告,2011-06-14,13.3,13.1,13.4
中国规模以上工业增加值年率报告,2011-07-13,15.1,13.1,13.3
中国规模以上工业增加值年率报告,2011-08-09,14.0,14.6,15.1
中国规模以上工业增加值年率报告,2011-09-09,13.5,14.0,14.0
中国规模以上工业增加值年率报告,2011-10-18,13.8,13.3,13.5
中国规模以上工业增加值年率报告,2011-11-09,13.2,13.4,13.8
中国规模以上工业增加值年率报告,2011-12-09,12.4,12.8,13.2
中国规模以上工业增加值年率报告,2012-01-17,12.8,12.3,12.4
中国规模以上工业增加值年率报告,2012-03-09,11.4,12.4,12.8
中国规模以上工业增加值年率报告,2012-04-13,11.9,11.5,11.4
中国规模以上工业增加值年率报告,2012-05-11,9.3,12.0,11.9
中国规模以上工业增加值年率报告,2012-06-09,9.6,9.9,9.3
中国规模以上工业增加值年率报告,2012-07-13,9.5,9.8,9.6
中国规模以上工业增加值年率报告,2012-08-09,9.2,9.8,9.5
中国规模以上工业增加值年率报告,2012-09-09,8.9,9.1,9.2
中国规模以上工业增加值年率报告,2012-10-18,9.2,9.0,8.9
中国规模以上工业增加值年率报告,2012-11-09,9.6,9.4,9.2
中国规模以上工业增加值年率报告,2012-12-09,10.1,9.8,9.6
中国规模以上工业增加值年率报告,2013-01-18,10.3,10.1,10.1
中国规模以上工业增加值年率报告,2013-03-09,9.9,10.5,10.3
中国规模以上工业增加值年率报告,2013-04-15,8.9,10.0,9.9
中国规模以上工业增加值年率报告,2013-05-13,9.3,9.5,8.9
中国规模以上工业增加值年率报告,2013-06-09,9.2,9.3,9.3
中国规模以上工业增加值年率报告,2013-07-15,8.9,9.1,9.2
中国规模以上工业增加值年率报告,2013-08-09,9.7,9.0,8.9
中国规模以上工业增加值年率报告,2013-09-10,10.4,9.9,9.7
中国规模以上工业增加值年率报告,2013-10-18,10.2,10.1,10.4
中国规模以上工业增加值年率报告,2013-11-09,10.3,10.0,10.2
中国规模以上工业增加值年率报告,2013-12-10,10.0,10.1,10.3
中国规模以上工业增加值年率报告,2014-01-20,9.7,9.8,10.0
中国规模以上工业增加值年率报告,2014-03-13,8.6,9.5,9.7
中国规模以上工业增加值年率报告,2014-04-16,8.8,9.0,8.6
中国规模以上工业增加值年率报告,2014-05-13,8.7,8.9,8.8
中国规模以上工业增加值年率报告,2014-06-13,8.8,8.8,8.7
中国规模以上工业增加值年率报告,2014-07-16,9.2,9.0,8.8
中国规模以上工业增加值年率报告,2014-08-13,9.0,9.0,9.2
中国规模以上工业增加值年率报告,2014-09-13,6.9,8.8,9.0
中国规模以上工业增加值年率报告,2014-10-21,8.0,7.5,6.9
中国规模以上工业增加值年率报告,2014-11-13,7.7,8.0,8.0
中国规模以上工业增加值年率报告,2014-12-12,7.2,7.5,7.7
中国规模以上工业增加值年率报告,2015-01-20,7.9,7.4,7.2
中国规模以上工业增加值年率报告,2015-03-11,6.8,7.8,7.9
中国规模以上工业增加值年率报告,2015-04-15,5.6,6.9,6.8
中国规模以上工业增加值年率报告,2015-05-13,5.9,6.0,5.6
中国规模以上工业增加值年率报告,2015-06-11,6.1,6.0,5.9
中国规模以上工业增加值年率报告,2015-07-15,6.8,6.0,6.1
中国规模以上工业增加值年率报告,2015-08-12,6.0,6.6,6.8
中国规模以上工业增加值年率报告,2015-09-13,6.1,6.4,6.0
中国规模以上工业增加值年率报告,2015-10-19,5.7,6.0,6.1
中国规模以上工业增加值年率报告,2015-11-11,5.6,5.8,5.7
中国规模以上工业增加值年率报告,2015-12-12,6.2,5.6,5.6
中国规模以上工业增加值年率报告,2016-01-19,5.9,6.0,6.2
中国规模以上工业增加值年率报告,2016-03-12,5.4,5.6,5.9
中国规模以上工业增加值年率报告,2016-04-15,6.8,5.9,5.4
中国规模以上工业增加值年率报告,2016-05-14,6.0,6.5,6.8
中国规模以上工业增加值年率报告,2016-06-13,6.0,5.9,6.0
中国规模以上工业增加值年率报告,2016-07-15,6.2,5.9,6.0
中国规模以上工业增加值年率报告,2016-08-12,6.0,6.1,6.2
中国规模以上工业增加值年率报告,2016-09-13,6.3,6.1,6.0
中国规模以上工业增加值年率报告,2016-10-19,6.1,6.4,6.3
中国规模以上工业增加值年率报告,2016-11-14,6.1,6.2,6.1
中国规模以上工业增加值年率报告,2016-12-13,6.2,6.1,6.1
中国规模以上工业增加值年率报告,2017-01-20,6.0,6.1,6.2
中国规模以上工业增加值年率报告,2017-03-14,6.3,6.2,6.0
中国规模以上工业增加值年率报告,2017-04-17,7.6,6.3,6.3
中国规模以上工业增加值年率报告,2017-05-15,6.5,7.1,7.6
中国规模以上工业增加值年率报告,2017-06-14,6.5,6.3,6.5
中国规模以上工业增加值年率报告,2017-07-17,7.6,6.5,6.5
中国规模以上工业增加值年率报告,2017-08-14,6.4,7.2,7.6
中国规模以上工业增加值年率报告,2017-09-14,6.0,6.6,6.4
中国规模以上工业增加值年率报告,2017-10-19,6.6,6.2,6.0
中国规模以上工业增加值年率报告,2017-11-14,6.2,6.3,6.6
中国规模以上工业增加值年率报告,2017-12-14,6.1,6.2,6.2
中国规模以上工业增加值年率报告,2018-01-18,6.2,6.0,6.1
中国规模以上工业增加值年率报告,2018-03-14,7.2,6.3,6.2
中国规模以上工业增加值年率报告,2018-04-17,6.0,6.4,7.2
中国规模以上工业增加值年率报告,2018-05-15,7.0,6.4,6.0
中国规模以上工业增加值年率报告,2018-06-14,6.8,6.9,7.0
中国规模以上工业增加值年率报告,2018-07-16,6.0,6.5,6.8
中国规模以上工业增加值年率报告,2018-08-14,6.0,6.3,6.0
中国规模以上工业增加值年率报告,2018-09-14,6.1,6.0,6.0
中国规模以上工业增加值年率报告,2018-10-19,5.8,6.0,6.1
中国规模以上工业增加值年率报告,2018-11-14,5.9,5.8,5.8
中国规模以上工业增加值年率报告,2018-12-14,5.4,5.9,5.9
中国规模以上工业增加值年率报告,2019-01-21,5.7,5.3,5.4
中国规模以上工业增加值年率报告,2019-03-14,5.3,5.5,5.7
中国规模以上工业增加值年率报告,2019-04-17,8.5,5.6,5.3
中国规模以上工业增加值年率报告,2019-05-15,5.4,6.5,8.5
中国规模以上工业增加值年率报告,2019-05-22,5.4,6.5,8.5
中国规模以上工业增加值年率报告,2019-06-14,5.0,5.4,5.4
中国规模以上工业增加值年率报告,2019-07-15,6.3,5.2,5.0
中国规模以上工业增加值年率报告,2019-08-14,4.8,6.0,6.3
中国规模以上工业增加值年率报告,2019-09-16,4.4,5.2,4.8
中国规模以上工业增加值年率报告,2019-10-18,5.8,5.0,4.4
中国规模以上工业增加值年率报告,2019-11-14,,5.4,5.8
中国规模以上工业增加值年率报告,2019-12-16,6.2,5.0,4.7
中国规模以上工业增加值年率报告,2020-01-17,6.9,5.9,6.2
中国规模以上工业增加值年率报告,2020-03-16,-13.5,1.5,6.9
中国规模以上工业增加值年率报告,2020-04-17,-1.1,-7.3,-13.5
中国规模以上工业增加值年率报告,2020-05-15,3.9,1.5,-1.1
中国规模以上工业增加值年率报告,2020-06-15,4.4,5.0,3.9
中国规模以上工业增加值年率报告,2020-07-16,4.8,4.7,4.4
中国规模以上工业增加值年率报告,2020-08-14,4.8,5.1,4.8
中国规模以上工业增加值年率报告,2020-09-15,5.6,5.1,4.8
中国规模以上工业增加值年率报告,2020-10-15,,,5.6
中国规模以上工业增加值年率报告,2020-10-19,6.9,5.8,5.6
中国规模以上工业增加值年率报告,2020-11-16,,6.5,6.9
中国规模以上工业增加值年率报告,2020-12-15,7.0,7.0,6.9
中国规模以上工业增加值年率报告,2021-01-18,7.3,6.9,7.0
中国规模以上工业增加值年率报告,2021-03-15,35.1,30.0,7.3
中国规模以上工业增加值年率报告,2021-04-16,14.1,17.2,35.1
中国规模以上工业增加值年率报告,2021-05-17,9.8,9.8,14.1
中国规模以上工业增加值年率报告,2021-06-16,8.8,9.0,9.8
中国规模以上工业增加值年率报告,2021-07-15,8.3,7.8,8.8
中国规模以上工业增加值年率报告,2021-08-16,6.4,7.8,8.3
中国规模以上工业增加值年率报告,2021-09-15,5.3,5.8,6.4
中国规模以上工业增加值年率报告,2021-10-18,3.1,4.5,5.3
中国规模以上工业增加值年率报告,2021-11-11,,3.1,3.1
中国规模以上工业增加值年率报告,2021-11-15,3.5,3.0,3.1
中国规模以上工业增加值年率报告,2021-11-16,,,6.9
中国规模以上工业增加值年率报告,2021-12-15,3.8,3.6,3.5
中国规模以上工业增加值年率报告,2022-01-17,4.3,3.6,3.8
中国规模以上工业增加值年率报告,2022-03-15,7.5,3.9,4.3
中国规模以上工业增加值年率报告,2022-04-18,5.0,4.5,7.5
中国规模以上工业增加值年率报告,2022-05-16,-2.9,0.4,5.0
中国规模以上工业增加值年率报告,2022-06-15,0.7,-0.7,-2.9
中国规模以上工业增加值年率报告,2022-07-15,3.9,4.1,0.7
中国规模以上工业增加值年率报告,2022-08-15,3.8,4.6,3.9
中国规模以上工业增加值年率报告,2022-09-16,4.2,3.8,3.8
中国规模以上工业增加值年率报告,2022-10-18,,4.5,4.2
中国规模以上工业增加值年率报告,2022-10-24,6.3,4.5,4.2
中国规模以上工业增加值年率报告,2022-10-26,,4.5,4.2
中国规模以上工业增加值年率报告,2022-11-15,5.0,5.2,6.3
中国规模以上工业增加值年率报告,2022-12-15,2.2,3.6,5.0
中国规模以上工业增加值年率报告,2023-01-17,1.3,0.2,2.2
中国规模以上工业增加值年率报告,2023-03-15,2.4,2.6,1.3
中国规模以上工业增加值年率报告,2023-04-18,3.9,4.0,2.4
中国规模以上工业增加值年率报告,2023-05-16,5.6,10.9,3.9
中国规模以上工业增加值年率报告,2023-06-15,3.5,3.8,5.6
中国规模以上工业增加值年率报告,2023-07-17,4.4,2.7,3.5
中国规模以上工业增加值年率报告,2023-08-15,3.7,4.4,4.4
中国规模以上工业增加值年率报告,2023-09-15,4.5,4.0,3.7
中国规模以上工业增加值年率报告,2023-10-18,4.5,4.3,4.5
中国规模以上工业增加值年率报告,2023-11-15,4.6,4.4,4.5
中国规模以上工业增加值年率报告,2023-12-15,6.6,5.6,4.6
中国规模以上工业增加值年率报告,2024-01-17,6.8,6.6,6.6
中国规模以上工业增加值年率报告,2024-03-18,7.0,5.3,6.8
中国规模以上工业增加值年率报告,2024-04-16,4.5,6.0,7.0
中国规模以上工业增加值年率报告,2024-05-17,6.7,5.5,4.5
中国规模以上工业增加值年率报告,2024-06-17,5.6,6.2,6.7
中国规模以上工业增加值年率报告,2024-07-15,5.3,4.9,5.6
中国规模以上工业增加值年率报告,2024-08-15,5.1,5.2,5.3
中国规模以上工业增加值年率报告,2024-09-14,4.5,4.7,5.1
中国规模以上工业增加值年率报告,2024-10-18,5.4,4.6,4.5
中国规模以上工业增加值年率报告,2024-11-15,5.3,5.5,5.4
中国规模以上工业增加值年率报告,2024-12-16,5.4,5.4,5.3
中国规模以上工业增加值年率报告,2025-01-17,6.2,5.4,5.4
中国规模以上工业增加值年率报告,2025-03-17,5.9,5.3,6.2
中国规模以上工业增加值年率报告,2025-04-16,7.7,5.9,5.9
中国规模以上工业增加值年率报告,2025-05-19,6.1,5.7,7.7
中国规模以上工业增加值年率报告,2025-06-16,5.8,5.9,6.1
中国规模以上工业增加值年率报告,2025-07-15,6.8,5.6,5.8
中国规模以上工业增加值年率报告,2025-08-15,5.7,6.0,6.8
中国规模以上工业增加值年率报告,2025-09-15,,,5.7
