date,item,value
201801,全国城镇25—59岁劳动力失业率 ,4.4
201801,全国城镇调查失业率 ,5.0
201802,全国城镇调查失业率 ,5.0
201802,全国城镇25—59岁劳动力失业率 ,4.5
201803,全国城镇调查失业率 ,5.1
201803,全国城镇25—59岁劳动力失业率 ,4.6
201804,全国城镇调查失业率 ,4.9
201804,全国城镇25—59岁劳动力失业率 ,4.4
201805,全国城镇25—59岁劳动力失业率 ,4.4
201805,全国城镇调查失业率 ,4.8
201806,全国城镇25—59岁劳动力失业率 ,4.4
201806,全国城镇调查失业率 ,4.8
201807,全国城镇25—59岁劳动力失业率 ,4.4
201807,全国城镇调查失业率 ,5.1
201808,全国城镇25—59岁劳动力失业率 ,4.3
201808,全国城镇调查失业率 ,5.0
201809,全国城镇25—59岁劳动力失业率 ,4.3
201809,全国城镇调查失业率 ,4.9
201810,全国城镇25—59岁劳动力失业率 ,4.4
201810,全国城镇调查失业率 ,4.9
201811,全国城镇调查失业率 ,4.8
201811,全国城镇25—59岁劳动力失业率 ,4.4
201812,全国城镇25—59岁劳动力失业率 ,4.4
201812,全国城镇调查失业率 ,4.9
201901,全国城镇25—59岁劳动力失业率 ,4.6
201901,全国城镇调查失业率 ,5.1
201902,全国城镇25—59岁劳动力失业率 ,4.9
201902,全国城镇调查失业率 ,5.3
201903,全国城镇25—59岁劳动力失业率 ,4.8
201903,全国城镇调查失业率 ,5.2
201904,全国城镇25—59岁劳动力失业率 ,4.7
201904,全国城镇调查失业率 ,5.0
201905,全国城镇25—59岁劳动力失业率 ,4.5
201905,全国城镇调查失业率 ,5.0
201906,全国城镇25—59岁劳动力失业率 ,4.6
201906,全国城镇调查失业率 ,5.1
201907,全国城镇调查失业率 ,5.3
201907,全国城镇25—59岁劳动力失业率 ,4.6
201908,全国城镇25—59岁劳动力失业率 ,4.5
201908,全国城镇调查失业率 ,5.2
201909,全国城镇25—59岁劳动力失业率 ,4.6
201909,全国城镇调查失业率 ,5.2
201910,全国城镇25—59岁劳动力失业率 ,4.6
201910,全国城镇调查失业率 ,5.1
201911,全国城镇25—59岁劳动力失业率 ,4.6
201911,全国城镇调查失业率 ,5.1
201912,全国城镇25—59岁劳动力失业率 ,4.7
201912,全国城镇调查失业率 ,5.2
202001,全国城镇25—59岁劳动力失业率 ,4.7
202001,全国城镇调查失业率 ,5.3
202002,全国城镇25—59岁劳动力失业率 ,5.6
202002,全国城镇调查失业率 ,6.2
202003,全国城镇25—59岁劳动力失业率 ,5.4
202003,全国城镇调查失业率 ,5.9
202004,全国城镇调查失业率 ,6.0
202004,全国城镇25—59岁劳动力失业率 ,5.5
202005,全国城镇25—59岁劳动力失业率 ,5.4
202005,全国城镇调查失业率 ,5.9
202006,全国城镇25—59岁劳动力失业率 ,5.2
202006,全国城镇调查失业率 ,5.7
202007,全国城镇25—59岁劳动力失业率 ,5.0
202007,全国城镇调查失业率 ,5.7
202008,全国城镇25—59岁劳动力失业率 ,4.8
202008,全国城镇调查失业率 ,5.6
202009,全国城镇调查失业率 ,5.4
202009,全国城镇25—59岁劳动力失业率 ,4.8
202010,全国城镇25—59岁劳动力失业率 ,4.8
202010,全国城镇调查失业率 ,5.3
202011,全国城镇25—59岁劳动力失业率 ,4.7
202011,全国城镇调查失业率 ,5.2
202012,全国城镇调查失业率 ,5.2
202012,全国城镇25—59岁劳动力失业率 ,4.7
202101,全国城镇调查失业率 ,5.4
202101,全国城镇本地户籍劳动力失业率 ,5.6
202101,全国城镇外来户籍劳动力失业率 ,5.1
202101,全国城镇25—59岁劳动力失业率 ,4.9
202102,全国城镇25—59岁劳动力失业率 ,5.0
202102,全国城镇外来户籍劳动力失业率 ,5.2
202102,全国城镇本地户籍劳动力失业率 ,5.7
202102,全国城镇调查失业率 ,5.5
202103,全国城镇25—59岁劳动力失业率 ,4.8
202103,全国城镇外来户籍劳动力失业率 ,5.4
202103,全国城镇本地户籍劳动力失业率 ,5.3
202103,全国城镇调查失业率 ,5.3
202104,全国城镇25—59岁劳动力失业率 ,4.6
202104,全国城镇外来户籍劳动力失业率 ,5.1
202104,全国城镇本地户籍劳动力失业率 ,5.1
202104,全国城镇调查失业率 ,5.1
202105,全国城镇本地户籍劳动力失业率 ,5.1
202105,全国城镇调查失业率 ,5.0
202105,全国城镇25—59岁劳动力失业率 ,4.4
202105,全国城镇外来户籍劳动力失业率 ,5.0
202106,全国城镇25—59岁劳动力失业率 ,4.2
202106,全国城镇外来户籍劳动力失业率 ,5.1
202106,全国城镇本地户籍劳动力失业率 ,5.0
202106,全国城镇调查失业率 ,5.0
202107,全国城镇25—59岁劳动力失业率 ,4.2
202107,全国城镇外来户籍劳动力失业率 ,5.0
202107,全国城镇本地户籍劳动力失业率 ,5.1
202107,全国城镇调查失业率 ,5.1
202108,全国城镇调查失业率 ,5.1
202108,全国城镇25—59岁劳动力失业率 ,4.3
202108,全国城镇外来户籍劳动力失业率 ,5.0
202108,全国城镇本地户籍劳动力失业率 ,5.2
202109,全国城镇25—59岁劳动力失业率 ,4.2
202109,全国城镇外来户籍劳动力失业率 ,4.8
202109,全国城镇本地户籍劳动力失业率 ,5.0
202109,全国城镇调查失业率 ,4.9
202110,全国城镇调查失业率 ,4.9
202110,全国城镇本地户籍劳动力失业率 ,4.9
202110,全国城镇25—59岁劳动力失业率 ,4.2
202110,全国城镇外来户籍劳动力失业率 ,4.8
202111,全国城镇外来户籍劳动力失业率 ,4.8
202111,全国城镇本地户籍劳动力失业率 ,5.1
202111,全国城镇调查失业率 ,5.0
202111,全国城镇25—59岁劳动力失业率 ,4.3
202112,全国城镇25—59岁劳动力失业率 ,4.4
202112,全国城镇外来户籍劳动力失业率 ,4.9
202112,全国城镇本地户籍劳动力失业率 ,5.1
202112,全国城镇调查失业率 ,5.1
202201,全国城镇调查失业率 ,5.3
202201,全国城镇外来户籍劳动力失业率 ,5.1
202201,全国城镇本地户籍劳动力失业率 ,5.4
202201,全国城镇25—59岁劳动力失业率 ,4.6
202202,全国城镇25—59岁劳动力失业率 ,4.8
202202,全国城镇外来户籍劳动力失业率 ,5.6
202202,全国城镇本地户籍劳动力失业率 ,5.5
202202,全国城镇调查失业率 ,5.5
202203,全国城镇调查失业率 ,5.8
202203,全国城镇外来户籍劳动力失业率 ,6.3
202203,全国城镇25—59岁劳动力失业率 ,5.2
202203,全国城镇本地户籍劳动力失业率 ,5.6
202204,全国城镇25—59岁劳动力失业率 ,5.3
202204,全国城镇外来户籍劳动力失业率 ,6.9
202204,全国城镇本地户籍劳动力失业率 ,5.7
202204,全国城镇调查失业率 ,6.1
202205,全国城镇本地户籍劳动力失业率 ,5.5
202205,全国城镇调查失业率 ,5.9
202205,全国城镇25—59岁劳动力失业率 ,5.1
202205,全国城镇外来户籍劳动力失业率 ,6.6
202206,全国城镇25—59岁劳动力失业率 ,4.5
202206,全国城镇外来户籍劳动力失业率 ,5.8
202206,全国城镇本地户籍劳动力失业率 ,5.3
202206,全国城镇调查失业率 ,5.5
202207,全国城镇25—59岁劳动力失业率 ,4.3
202207,全国城镇外来户籍劳动力失业率 ,5.5
202207,全国城镇本地户籍劳动力失业率 ,5.3
202207,全国城镇调查失业率 ,5.4
202208,全国城镇外来户籍劳动力失业率 ,5.3
202208,全国城镇调查失业率 ,5.3
202208,全国城镇25—59岁劳动力失业率 ,4.3
202208,全国城镇本地户籍劳动力失业率 ,5.3
202209,全国城镇调查失业率 ,5.5
202209,全国城镇25—59岁劳动力失业率 ,4.7
202209,全国城镇外来户籍劳动力失业率 ,5.6
202209,全国城镇本地户籍劳动力失业率 ,5.4
202210,全国城镇25—59岁劳动力失业率 ,4.7
202210,全国城镇外来户籍劳动力失业率 ,5.7
202210,全国城镇本地户籍劳动力失业率 ,5.4
202210,全国城镇调查失业率 ,5.5
202211,全国城镇25—59岁劳动力失业率 ,5.0
202211,全国城镇外来户籍劳动力失业率 ,6.2
202211,全国城镇本地户籍劳动力失业率 ,5.5
202211,全国城镇调查失业率 ,5.7
202212,全国城镇25—59岁劳动力失业率 ,4.8
202212,全国城镇外来户籍劳动力失业率 ,5.7
202212,全国城镇本地户籍劳动力失业率 ,5.4
202212,全国城镇调查失业率 ,5.5
202301,全国城镇调查失业率 ,5.5
202301,全国城镇本地户籍劳动力失业率 ,5.4
202301,全国城镇外来户籍劳动力失业率 ,5.6
202301,全国城镇25—59岁劳动力失业率 ,4.7
202302,全国城镇25—59岁劳动力失业率 ,4.8
202302,全国城镇外来户籍劳动力失业率 ,5.9
202302,全国城镇本地户籍劳动力失业率 ,5.4
202302,全国城镇调查失业率 ,5.6
202303,全国城镇25—59岁劳动力失业率 ,4.3
202303,全国城镇外来户籍劳动力失业率 ,5.6
202303,全国城镇本地户籍劳动力失业率 ,5.1
202303,全国城镇调查失业率 ,5.3
202304,全国城镇25—59岁劳动力失业率 ,4.2
202304,全国城镇外来户籍劳动力失业率 ,5.4
202304,全国城镇本地户籍劳动力失业率 ,5.1
202304,全国城镇调查失业率 ,5.2
202305,全国城镇调查失业率 ,5.2
202305,全国城镇外来户籍劳动力失业率 ,5.4
202305,全国城镇25—59岁劳动力失业率 ,4.1
202305,全国城镇本地户籍劳动力失业率 ,5.1
202306,全国城镇25—59岁劳动力失业率 ,4.1
202306,全国城镇外来户籍劳动力失业率 ,5.3
202306,全国城镇本地户籍劳动力失业率 ,5.1
202306,全国城镇调查失业率 ,5.2
202307,全国城镇外来户籍劳动力失业率 ,5.2
202307,全国城镇本地户籍劳动力失业率 ,5.3
202307,全国城镇调查失业率 ,5.3
202308,全国城镇外来户籍劳动力失业率 ,4.8
202308,全国城镇本地户籍劳动力失业率 ,5.3
202308,全国城镇调查失业率 ,5.2
202309,全国城镇外来户籍劳动力失业率 ,4.9
202309,全国城镇本地户籍劳动力失业率 ,5.1
202309,全国城镇调查失业率 ,5.0
202310,全国城镇调查失业率 ,5.0
202310,全国城镇外来户籍劳动力失业率 ,4.9
202310,全国城镇本地户籍劳动力失业率 ,5.0
202311,全国城镇外来户籍劳动力失业率 ,4.7
202311,全国城镇本地户籍劳动力失业率 ,5.1
202311,全国城镇调查失业率 ,5.0
202312,全国城镇外来户籍劳动力失业率 ,4.7
202312,全国城镇本地户籍劳动力失业率 ,5.2
202312,全国城镇调查失业率 ,5.1
202401,全国城镇调查失业率 ,5.2
202401,全国城镇本地户籍劳动力失业率 ,5.4
202401,全国城镇外来户籍劳动力失业率 ,4.7
202402,全国城镇外来户籍劳动力失业率 ,4.8
202402,全国城镇本地户籍劳动力失业率 ,5.5
202402,全国城镇调查失业率 ,5.3
202403,全国城镇外来户籍劳动力失业率 ,5.1
202403,全国城镇本地户籍劳动力失业率 ,5.3
202403,全国城镇调查失业率 ,5.2
202404,全国城镇调查失业率 ,5.0
202404,全国城镇外来户籍劳动力失业率 ,4.9
202404,全国城镇本地户籍劳动力失业率 ,5.1
202405,全国城镇本地户籍劳动力失业率 ,5.1
202405,全国城镇调查失业率 ,5.0
202405,全国城镇外来户籍劳动力失业率 ,4.7
202406,全国城镇外来户籍劳动力失业率 ,4.8
202406,全国城镇本地户籍劳动力失业率 ,5.0
202406,全国城镇调查失业率 ,5.0
202407,全国城镇外来户籍劳动力失业率 ,5.1
202407,全国城镇本地户籍劳动力失业率 ,5.2
202407,全国城镇调查失业率 ,5.2
202408,全国城镇外来户籍劳动力失业率 ,4.9
202408,全国城镇本地户籍劳动力失业率 ,5.4
202408,全国城镇调查失业率 ,5.3
202409,全国城镇外来户籍劳动力失业率 ,4.8
202409,全国城镇本地户籍劳动力失业率 ,5.2
202409,全国城镇调查失业率 ,5.1
202410,全国城镇调查失业率 ,5.0
202410,全国城镇外来户籍劳动力失业率 ,4.8
202410,全国城镇本地户籍劳动力失业率 ,5.1
202411,全国城镇本地户籍劳动力失业率 ,5.2
202411,全国城镇调查失业率 ,5.0
202411,全国城镇外来户籍劳动力失业率 ,4.6
202412,全国城镇外来户籍劳动力失业率 ,4.6
202412,全国城镇本地户籍劳动力失业率 ,5.3
202412,全国城镇调查失业率 ,5.1
202501,全国城镇外来户籍劳动力失业率 ,4.7
202501,全国城镇调查失业率 ,5.2
202501,全国城镇本地户籍劳动力失业率 ,5.4
202502,全国城镇外来户籍劳动力失业率 ,5.0
202502,全国城镇本地户籍劳动力失业率 ,5.6
202502,全国城镇调查失业率 ,5.4
202503,全国城镇调查失业率 ,5.2
202503,全国城镇外来户籍劳动力失业率 ,4.9
202503,全国城镇本地户籍劳动力失业率 ,5.3
202504,全国城镇调查失业率 ,5.1
202504,全国城镇外来户籍劳动力失业率 ,4.8
202504,全国城镇本地户籍劳动力失业率 ,5.2
202505,全国城镇本地户籍劳动力失业率 ,5.0
202505,全国城镇调查失业率 ,5.0
202505,全国城镇外来户籍劳动力失业率 ,5.0
202506,全国城镇外来户籍劳动力失业率 ,4.8
202506,全国城镇本地户籍劳动力失业率 ,5.1
202506,全国城镇调查失业率 ,5.0
202507,全国城镇外来户籍劳动力失业率 ,5.1
202507,全国城镇调查失业率 ,5.2
202507,全国城镇本地户籍劳动力失业率 ,5.3
202508,全国城镇外来户籍劳动力失业率 ,5.0
202508,全国城镇本地户籍劳动力失业率 ,5.4
202508,全国城镇调查失业率 ,5.3
202509,全国城镇调查失业率 ,5.2
202509,全国城镇外来户籍劳动力失业率 ,4.9
202509,全国城镇本地户籍劳动力失业率 ,5.3
202510,全国城镇调查失业率 ,5.1
202510,全国城镇外来户籍劳动力失业率 ,4.7
202510,全国城镇本地户籍劳动力失业率 ,5.3
202511,全国城镇外来户籍劳动力失业率 ,4.7
202511,全国城镇本地户籍劳动力失业率 ,5.3
202511,全国城镇调查失业率 ,5.1
202512,全国城镇外来户籍劳动力失业率 ,4.7
202512,全国城镇本地户籍劳动力失业率 ,5.3
202512,全国城镇调查失业率 ,5.1
202601,全国城镇调查失业率 ,5.2
202601,全国城镇外来户籍劳动力失业率 ,4.8
202601,全国城镇本地户籍劳动力失业率 ,5.3
202602,全国城镇外来户籍劳动力失业率 ,5.0
202602,全国城镇本地户籍劳动力失业率 ,5.4
202602,全国城镇调查失业率 ,5.3
202603,全国城镇外来户籍劳动力失业率 ,5.3
202603,全国城镇本地户籍劳动力失业率 ,5.4
202603,全国城镇调查失业率 ,5.4
202604,全国城镇外来户籍劳动力失业率 ,5.0
202604,全国城镇本地户籍劳动力失业率 ,5.3
202604,全国城镇调查失业率 ,5.2
