datetime,intraday_ret_ic,intraday_ret_rank_ic
2023-09-01,0.36057859659194946,0.32301193416242024
2023-09-04,0.005115380510687828,0.01402667198829301
2023-09-05,-0.007220986764878035,-0.07877509169088805
2023-09-06,-0.1182059645652771,-0.016592475527230068
2023-09-07,0.12742240726947784,0.17930732933140422
2023-09-08,-0.09427131712436676,-0.1550844972615194
2023-09-11,0.06593834608793259,0.08061457330998441
2023-09-12,-0.09498907625675201,-0.08338701091337893
2023-09-13,0.41304299235343933,0.40849582568994625
2023-09-14,-0.0442386269569397,-0.029074997555631085
2023-09-15,-0.09076328575611115,-0.1642687437506349
2023-09-18,-0.2756567895412445,-0.337917546358001
2023-09-19,0.27846187353134155,0.3425441623368643
2023-09-20,0.06984779983758926,0.050177721956688605
2023-09-21,0.007842957973480225,-0.07355344343286463
2023-09-22,-0.44488364458084106,-0.42885154344853127
2023-09-25,0.01080984529107809,0.029647752253579095
2023-09-26,-0.09432505816221237,-0.18199976243902793
2023-09-27,-0.12152600288391113,-0.06671052017520661
2023-09-28,0.1545104831457138,0.06338125198946315
2023-10-09,-0.022647500038146973,-0.030702599927109196
2023-10-10,-0.06031224504113197,-0.08862235475153148
2023-10-11,-0.1439414620399475,-0.2074178684407423
2023-10-12,0.00718788243830204,-0.037982256548468825
2023-10-13,0.09261681884527206,0.2089569187990308
2023-10-16,0.04378253221511841,0.12707799248187435
2023-10-17,0.19704163074493408,0.21379072179193
2023-10-18,-0.20957395434379578,-0.27145876871221986
2023-10-19,-0.05256490036845207,-0.09988877445679685
2023-10-20,-0.2478434294462204,-0.21981510497087559
2023-10-23,-0.16722054779529572,-0.20424445182016543
2023-10-24,-0.025685595348477364,-0.00866459463076186
2023-10-25,0.11457142233848572,0.08463549930808685
2023-10-26,-0.1359047293663025,-0.14876169699141603
2023-10-27,0.3644304871559143,0.40343823571635246
2023-10-30,-0.1110496073961258,-0.21202736753434206
2023-10-31,0.13155247271060944,0.13515749382246858
2023-11-01,0.34478622674942017,0.3084900623624057
2023-11-02,-0.3185584247112274,-0.4277861576030426
2023-11-03,0.40383169054985046,0.4896221188774462
2023-11-06,0.04392882436513901,-0.03568797972663093
2023-11-07,-0.05797363072633743,-0.06784118102419413
2023-11-08,-0.048616036772727966,-0.11182668858919868
2023-11-09,-0.1914818286895752,-0.13204086417462166
2023-11-10,-0.15286952257156372,-0.14754622258152003
2023-11-13,0.06877292692661285,0.013085112022764219
2023-11-14,-0.09072230756282806,-0.3341184666983608
2023-11-15,0.09091468155384064,0.08952220628847139
2023-11-16,0.03191804140806198,-0.10908140527867195
2023-11-17,0.03885854035615921,-0.048015256732469314
2023-11-20,-0.17129941284656525,-0.11099803882286702
2023-11-21,0.2741817235946655,0.34926874270525166
2023-11-22,-0.12222204357385635,-0.2416229359508514
2023-11-23,0.0281276386231184,-0.046820230212487594
2023-11-24,0.21498878300189972,0.19270008850272272
2023-11-27,0.04807667061686516,0.021735642357983132
2023-11-28,0.004976026713848114,-0.003158277586286325
2023-11-29,0.11235742270946503,0.16475292906220074
2023-11-30,0.05042296648025513,0.005337375016351384
2023-12-01,0.14640286564826965,0.1688065647067454
2023-12-04,0.1886039674282074,0.22093376370845394
2023-12-05,0.2471923679113388,-0.015100151927351379
2023-12-06,-0.0844646543264389,-0.19843319640081805
2023-12-07,0.14440304040908813,0.02813036196060983
2023-12-08,-0.11973296105861664,-0.10986034590642597
2023-12-11,-0.0389118455350399,-0.05040348029573767
2023-12-12,0.12215923517942429,0.16009443778008994
2023-12-13,0.05768313631415367,0.13251591482402034
2023-12-14,-0.16010907292366028,-0.20567982947919794
2023-12-15,-0.15192773938179016,-0.1556016058081097
2023-12-18,-0.17602244019508362,-0.1559350481817412
2023-12-19,0.012728512287139893,-0.08039740365905794
2023-12-20,-0.004708185791969299,-0.14599338578079063
2023-12-21,0.20886985957622528,0.10432125811441041
2023-12-22,0.2054716944694519,0.07730090701412426
2023-12-25,0.1368304193019867,0.03560187818012681
2023-12-26,-0.18199600279331207,-0.1084047037604822
2023-12-27,-0.4600197672843933,-0.5744180465065766
2023-12-28,-0.2733573615550995,-0.23805646291489038
2023-12-29,0.07613737136125565,0.15356769696997824
2024-01-02,0.4274149537086487,0.4714089392752929
2024-01-03,0.2784290015697479,0.3611940451178562
2024-01-04,0.24027851223945618,0.328488437667963
2024-01-05,0.29509657621383667,0.24424547257632082
2024-01-08,-0.050038985908031464,0.038915217817767404
2024-01-09,0.3538988530635834,0.27707310070734276
2024-01-10,0.18229541182518005,0.10365533388653628
2024-01-11,-0.23801082372665405,-0.30365987139041634
2024-01-12,-0.007239155471324921,0.08698929609637511
2024-01-15,-0.07789400219917297,0.0010649489995203463
2024-01-16,0.11795226484537125,0.16045471818593535
2024-01-17,-0.21039198338985443,-0.3236935811319753
2024-01-18,-0.2352481186389923,-0.16195232361512757
2024-01-19,0.09278604388237,0.22276354759725414
2024-01-22,-0.3757860064506531,-0.37968966017910133
2024-01-23,-0.059006042778491974,-0.05987058792426854
2024-01-24,0.35995161533355713,0.28009256995861387
2024-01-25,0.17047226428985596,0.0770118910765018
2024-01-26,0.3464544415473938,0.44613217741082256
2024-01-29,0.22026552259922028,0.3291484252184503
2024-01-30,0.1528075933456421,0.23440200453212798
2024-01-31,-0.3293796479701996,-0.3405288361932864
2024-02-01,-0.3231821656227112,-0.33768833277383087
2024-02-02,0.4773876667022705,0.5194794949291643
2024-02-05,-0.41586238145828247,-0.4938989626879446
2024-02-06,0.20896941423416138,0.18357816859724846
2024-02-07,-0.056004732847213745,0.014284317420668852
2024-02-08,-0.15426647663116455,-0.1974920230752179
2024-02-19,0.07365524023771286,0.13927661407135367
2024-02-20,-0.09941942244768143,-0.29366367406931204
2024-02-21,-0.15074458718299866,-0.17979249482756354
2024-02-22,0.128309965133667,0.12338440100663385
2024-02-23,-0.062176331877708435,-0.1168565979877334
2024-02-26,0.4032256007194519,0.42429714328237406
2024-02-27,-0.5120640993118286,-0.5742058885492678
2024-02-28,-0.609400749206543,-0.6816902804489373
2024-02-29,0.418644517660141,0.44968512125350985
2024-03-01,0.12389184534549713,0.10613543688333386
2024-03-04,-0.008384465239942074,0.03549978694172751
2024-03-05,-0.3688810169696808,-0.34874543990357904
2024-03-06,-0.13761058449745178,-0.1694518260541416
2024-03-07,-0.21704541146755219,-0.285710539599513
2024-03-08,-0.004772704094648361,-0.13722307122513946
2024-03-11,0.45028531551361084,0.5624979513580531
2024-03-12,-0.15370497107505798,-0.25534199086133885
2024-03-13,0.013914307579398155,0.03848050069572775
2024-03-14,0.06419926136732101,0.0012165370365835797
2024-03-15,0.0441892147064209,0.008087177332140198
2024-03-18,-0.16815638542175293,-0.20817120429769834
2024-03-19,-0.08667576313018799,-0.10082229117444931
2024-03-20,0.12017564475536346,0.2648910871514698
2024-03-21,0.10606551915407181,0.16325173051928546
2024-03-22,0.165736585855484,0.3392973082723105
2024-03-25,0.14317022264003754,0.16705396372023465
2024-03-26,0.03856965899467468,0.07419821033600853
2024-03-27,-0.35836827754974365,-0.383472125679854
2024-03-28,-0.09476740658283234,-0.09551925762453335
2024-03-29,-0.19618135690689087,-0.23364107783540156
2024-04-01,0.016152307391166687,-0.07535388699340682
2024-04-02,0.30170178413391113,0.3233092723765415
2024-04-03,0.11816339194774628,0.16498455116450453
2024-04-08,-0.3274073004722595,-0.4657822714997202
2024-04-09,-0.2685648202896118,-0.36124635356500323
2024-04-10,0.10749269276857376,0.19136986659919986
2024-04-11,0.18840648233890533,0.2748668746562939
2024-04-12,-0.000619424507021904,0.026077467503237972
2024-04-15,0.25408369302749634,0.320877993148486
2024-04-16,-0.36392301321029663,-0.4460516739651793
2024-04-17,-0.030123457312583923,-0.11343178506032899
2024-04-18,0.049465686082839966,0.07146349263024565
2024-04-19,-0.037972062826156616,-0.15058757123341757
2024-04-22,0.2287614494562149,0.27901936858310955
2024-04-23,-0.03276771679520607,-0.1856042306061345
2024-04-24,-0.19872844219207764,-0.24247259749368438
2024-04-25,-0.07554715871810913,-0.0656854448532089
2024-04-26,0.3572153151035309,0.4009575763162322
2024-04-29,-0.28229817748069763,-0.3363021046678218
2024-04-30,-0.1082041934132576,-0.15415279232250534
2024-05-06,0.004220649600028992,0.015439719327576987
2024-05-07,-0.21037107706069946,-0.1887553806392544
2024-05-08,-0.2662656307220459,-0.34744156004764276
2024-05-09,-0.08862638473510742,-0.14707364738662573
2024-05-10,0.29202014207839966,0.3540729649487562
2024-05-13,-0.040940091013908386,-0.08719840529462018
2024-05-14,-0.32119619846343994,-0.23375629120178243
2024-05-15,0.20843738317489624,0.17312028548408942
2024-05-16,0.40862512588500977,0.23442710611000403
2024-05-17,-0.0670224130153656,0.06881287162972262
2024-05-20,-0.15173107385635376,-0.16706951277847717
2024-05-21,-0.15066292881965637,-0.1647530707376963
2024-05-22,-0.16660289466381073,-0.2346243300459381
2024-05-23,0.21770250797271729,0.2860598945347671
2024-05-24,0.09194648265838623,0.12192241682776021
2024-05-27,0.18058444559574127,0.17351044329151932
2024-05-28,-0.03541141003370285,-0.10099953954685745
2024-05-29,-0.06794965267181396,-0.09530556945742105
2024-05-30,0.025461282581090927,0.06106713641089304
2024-05-31,0.026563022285699844,0.010354757226435134
2024-06-03,-0.012299506925046444,-0.05041227059456991
2024-06-04,-0.12758268415927887,-0.10998379960555463
2024-06-05,-0.1174561008810997,-0.11082506730437133
2024-06-06,0.05480272322893143,0.14268737640715343
2024-06-07,-0.2942219078540802,-0.3769559276160102
2024-06-11,-0.1205020546913147,-0.18261184263532265
2024-06-12,-0.04078790172934532,-0.012418517321860735
2024-06-13,-0.06531420350074768,-0.10180256898495657
2024-06-14,-0.026406794786453247,-0.09898321853358814
2024-06-17,-0.05074203386902809,-0.04290782041048981
2024-06-18,0.0572860985994339,0.05235663003408319
2024-06-19,0.4119827449321747,0.4390097449731389
2024-06-20,-0.007132327184081078,-0.03710500512331277
2024-06-21,-0.17878228425979614,-0.18929284655358358
2024-06-24,0.22623571753501892,0.2456614671581705
2024-06-25,-0.385776162147522,-0.46150599943788195
2024-06-26,-0.21117188036441803,-0.2874843163952719
2024-06-27,0.24519337713718414,0.26237061706147513
2024-06-28,0.23560486733913422,0.23880272629255023
2024-07-01,0.03775900602340698,0.06347973147219688
2024-07-02,0.07571612298488617,0.12333063253744388
2024-07-03,-0.21409136056900024,-0.1643488211809858
2024-07-04,-0.27803468704223633,-0.31792881988271937
2024-07-05,-0.24187669157981873,-0.29822853533551735
2024-07-08,0.011762489564716816,0.050038506116070844
2024-07-09,0.17783673107624054,0.08646736176608408
2024-07-10,0.17455056309700012,0.16858589876901603
2024-07-11,-0.04264044016599655,-0.10224699063693342
2024-07-12,-0.0927523821592331,-0.030270123481780906
2024-07-15,0.016807492822408676,-0.17965867336256802
2024-07-16,-0.06732272356748581,-0.1149643836400471
2024-07-17,0.04381085932254791,0.05082931003073156
2024-07-18,0.03527568280696869,0.009575793965904742
2024-07-19,0.26762881875038147,0.20631539460504766
2024-07-22,0.05330884829163551,0.0331235497392
2024-07-23,0.37504610419273376,0.42740196060363883
2024-07-24,-0.28977495431900024,-0.3220459586679375
2024-07-25,0.12729758024215698,0.19558630606571697
2024-07-26,-0.23653028905391693,-0.24034114248507574
2024-07-29,-0.08567451685667038,-0.11447871467340066
2024-07-30,0.06924378871917725,0.08258914091767022
2024-07-31,-0.4436127543449402,-0.5126083325598766
2024-08-01,0.13866695761680603,0.1514486388134497
2024-08-02,0.27306079864501953,0.26136258079441177
2024-08-05,-0.08787436783313751,-0.13421317637850846
2024-08-06,0.06358251720666885,-0.03934273511824877
2024-08-07,-0.02953164279460907,-0.15477486060055476
2024-08-08,-0.03332468122243881,-0.07916969420340667
2024-08-09,0.01489388570189476,0.10432173518713816
2024-08-12,-0.020926471799612045,-0.02580508239432747
2024-08-13,0.161715567111969,0.18348660042929268
2024-08-14,0.058085229247808456,0.08225075324137537
2024-08-15,-0.024443412199616432,0.018103605466886986
2024-08-16,0.14858466386795044,0.15953752098015647
2024-08-19,0.13229838013648987,0.13604630968512713
2024-08-20,0.09144376218318939,0.06979872372784575
2024-08-21,0.0755368247628212,0.1021803172681317
2024-08-22,0.06611543893814087,0.00215328816963394
2024-08-23,-0.07234872132539749,-0.0732325729267139
2024-08-26,0.08108417689800262,0.018970926053928333
2024-08-27,-0.05900577828288078,-0.160715790860869
2024-08-28,0.15895827114582062,0.23117855684271196
2024-08-29,0.3209419548511505,0.3363673175484785
2024-08-30,-0.40446487069129944,-0.4351242499315816
2024-09-02,-0.4036906659603119,-0.32960398437097777
2024-09-03,0.21704070270061493,0.25018350933399014
2024-09-04,0.07065432518720627,0.09660604047022489
2024-09-05,-0.12754704058170319,-0.0852477001881508
2024-09-06,-0.2555370628833771,-0.2802277596074575
2024-09-09,0.07229399681091309,0.018634717297752283
2024-09-10,-0.1396624594926834,-0.14748186750263914
2024-09-11,-0.22967565059661865,-0.2358308390051219
2024-09-12,0.10837839543819427,0.15041663051588613
2024-09-13,0.04732740670442581,0.11276758803745446
2024-09-18,-0.06044347584247589,-0.13331760089787872
2024-09-19,0.03414413705468178,-0.07654664117212048
2024-09-20,0.14914295077323914,0.14373587949257408
2024-09-23,-0.04546884819865227,-0.09596630228742452
2024-09-24,-0.004370487295091152,-0.038503160719067266
2024-09-25,-0.017088284716010094,-0.04470686182717335
2024-09-26,0.5271404385566711,0.48546716046802224
2024-09-27,0.7214393615722656,0.7094265528924146
2024-09-30,0.570683479309082,0.3008517025891157
2024-10-08,0.0913778617978096,-0.067468446972933
2024-10-09,-0.42446741461753845,-0.1676717766543854
2024-10-10,0.28536465764045715,0.38908186049055726
2024-10-11,-0.0426584854722023,-0.003490264881016591
2024-10-14,0.031882815062999725,0.11465955991710562
2024-10-15,0.03352414816617966,0.13684494864480942
2024-10-16,-0.013141375035047531,-0.029194807757619186
2024-10-17,-0.017774682492017746,0.019483961091106637
2024-10-18,0.1329825222492218,0.1876964745799172
2024-10-21,0.021076170727610588,-0.023409041866459947
2024-10-22,0.1714484691619873,0.1371215536336159
2024-10-23,-0.18174776434898376,-0.2910562258233452
2024-10-24,-0.23182633519172668,-0.298307623439325
2024-10-25,0.053941935300827026,0.14745463780218862
2024-10-28,-0.1088777557015419,-0.2839101654193585
2024-10-29,-0.07055602967739105,-0.0601741824579916
2024-10-30,0.2168448567390442,0.07926837534069367
2024-10-31,-0.24223530292510986,-0.2682099223354081
2024-11-01,-0.2051011025905609,-0.3584286692310831
2024-11-04,0.35757437348365784,0.3295216334033203
2024-11-05,0.1935928463935852,0.19682138686394887
2024-11-06,-0.0013983137905597687,0.040348093530235586
2024-11-07,-0.33093321323394775,-0.33908436275266973
2024-11-08,0.33563029766082764,0.17193391234331862
2024-11-11,0.011840460821986198,-0.08384993511016456
2024-11-12,-0.02672816812992096,-0.1167583786857789
2024-11-13,-0.13278596103191376,-0.012991285771759883
2024-11-14,0.3366117477416992,0.387446471389555
2024-11-15,0.09384718537330627,0.2780310006254135
2024-11-18,-0.24464645981788635,-0.43310044409361215
2024-11-19,-0.004339519888162613,-0.03394819812243226
2024-11-20,0.2109801024198532,-0.036460901891404315
2024-11-21,0.15148386359214783,0.03427878056861038
2024-11-22,0.10784201323986053,0.050852670525575704
2024-11-25,-0.21507364511489868,-0.07946315067113961
2024-11-26,-0.06705044955015182,-0.17562827121874688
2024-11-27,-0.11781837791204453,-0.15680933612563516
2024-11-28,-0.1042519062757492,-0.19375654466705883
2024-11-29,0.026080146431922913,0.1216301458812652
2024-12-02,-0.15354233980178833,-0.15907464836217333
2024-12-03,0.24828536808490753,0.30396794868417926
2024-12-04,-0.20729731023311615,-0.18097517402918595
2024-12-05,-0.04409373551607132,0.007599078866502691
2024-12-06,0.12758344411849976,-0.04553116282501459
2024-12-09,-0.13554200530052185,-0.17730009133573912
2024-12-10,0.006732584908604622,-0.003207872588766892
2024-12-11,0.06452721357345581,-0.07322840280132786
2024-12-12,-0.026690427213907242,-0.05274109584512147
2024-12-13,0.04844347760081291,0.14721808698469008
2024-12-16,0.13312207162380219,0.043679041904612866
2024-12-17,-0.18663832545280457,-0.1423305690581252
2024-12-18,0.41061195731163025,0.06002414939845728
2024-12-19,0.18375536799430847,0.16433967144799425
2024-12-20,-0.38382095098495483,-0.48723323162532217
2024-12-23,-0.02886926755309105,0.0013851587567922693
2024-12-24,0.04353366047143936,0.04764735663265383
2024-12-25,0.09543469548225403,-0.12338280561641957
2024-12-26,-0.46662992238998413,-0.3627065122804551
2024-12-27,0.06212600693106651,-0.06542012335933813
2024-12-30,-0.01148863323032856,0.022331865118548587
2024-12-31,0.36168375611305237,0.3937012398602141
2025-01-02,0.4136412441730499,0.3771457174316279
2025-01-03,0.17609535157680511,0.13781363026916338
2025-01-06,-0.015375737100839615,-0.008182273543952097
2025-01-07,-0.08193878829479218,-0.20768552811204888
2025-01-08,-0.05401836335659027,-0.24875464231499536
2025-01-09,0.11491245031356812,-0.0787235224568168
2025-01-10,-0.1928914189338684,-0.1941277505905335
2025-01-13,0.10010543465614319,0.1839928180903239
2025-01-14,-0.30986422300338745,-0.30180294031190524
2025-01-15,-0.21247169375419617,-0.12169209378396235
2025-01-16,-0.05412254109978676,-0.19641488939037435
2025-01-17,-0.037393588572740555,0.1079040657675242
2025-01-20,0.15934890508651733,0.06385854501274381
2025-01-21,0.11337278038263321,0.043322997223257095
2025-01-22,-0.3146750330924988,-0.22362391871678494
2025-01-23,-0.3600142300128937,-0.35784706176501074
2025-01-24,-0.1589154750108719,-0.28280286568533375
2025-01-27,-0.2575254440307617,-0.39887856120560394
2025-02-05,0.15337824821472168,0.259645957324472
2025-02-06,0.08828019350767136,0.1730870889526215
2025-02-07,0.11920145899057388,0.13742290827033102
2025-02-10,0.05133911222219467,0.01749240770830918
2025-02-11,-0.0736333429813385,-0.24962432850801627
2025-02-12,-0.13349469006061554,-0.23759727768504962
2025-02-13,-0.1536078304052353,-0.19910420371307877
2025-02-14,0.07355038821697235,0.08834224229210487
2025-02-17,0.07481741160154343,0.005602673481830782
2025-02-18,-0.22406291961669922,-0.4680032817158314
2025-02-19,-0.026763025671243668,-0.09064520655150364
2025-02-20,-0.03322422876954079,-0.09970599838682685
2025-02-21,-0.053593143820762634,-0.08426251636509732
2025-02-24,0.07522919028997421,0.06302837430911558
2025-02-25,0.07449857890605927,0.047079258530880456
2025-02-26,0.14973551034927368,0.05973661555366127
2025-02-27,0.3179396092891693,0.3862424559335325
2025-02-28,0.06817100942134857,-0.030120771490205166
2025-03-03,-0.18278594315052032,-0.06792574086167338
2025-03-04,0.054365213960409164,0.01064405211038613
2025-03-05,-0.0728277936577797,-0.17198863730133604
2025-03-06,-0.11259710043668747,-0.2506271909170285
2025-03-07,0.023777782917022705,0.09838989287869848
2025-03-10,0.09032750129699707,0.07370418572638646
2025-03-11,-0.15256424248218536,-0.17921912227632272
2025-03-12,0.06734335422515869,0.15087631087706363
2025-03-13,-0.24565006792545319,-0.3708864172367503
2025-03-14,-0.1459529846906662,-0.10608413694743273
2025-03-17,-0.04590870812535286,-0.13961482208925424
2025-03-18,-0.19608080387115479,-0.06815757204516294
2025-03-19,0.05250311642885208,0.06923330187208894
2025-03-20,0.14399076998233795,0.11489301082401936
2025-03-21,-0.2692948579788208,-0.27165023144024547
2025-03-24,-0.03658144176006317,-0.056550054571574415
2025-03-25,-0.014539901167154312,0.007995963541948647
2025-03-26,-0.09044423699378967,-0.09244191347889415
2025-03-27,0.14150261878967285,0.16857048540136696
2025-03-28,0.08623106777667999,0.07469127286693455
2025-03-31,-0.10638811439275742,-0.10385726805598104
2025-04-01,-0.2315940111875534,-0.32185836438944004
2025-04-02,-0.08668981492519379,-0.05842730476322982
2025-04-03,0.49397292733192444,0.5371560747622068
2025-04-07,-0.18848884105682373,-0.1734784521674369
2025-04-08,0.07670196890830994,0.09898834815932135
2025-04-09,0.12181933969259262,0.08195277516321209
2025-04-10,-0.21600748598575592,-0.1952987207894712
2025-04-11,-0.21249353885650635,-0.06234817925774339
2025-04-14,0.18166139721870422,0.1609148213477368
2025-04-15,0.29263821244239807,0.3324342857658008
2025-04-16,-0.03247792273759842,0.001041399855634195
2025-04-17,-0.10413387417793274,-0.09900023620987534
2025-04-18,0.0936678797006607,0.08155592789800431
2025-04-21,-0.06441573053598404,-0.23220409374047635
2025-04-22,-0.2510279417037964,-0.2688489234395145
2025-04-23,-0.15408706665039062,-0.13783822514897318
2025-04-24,-0.302627831697464,-0.35428950268638865
2025-04-25,-0.02465165965259075,-0.13955730963661456
2025-04-28,0.008296017535030842,-0.08879356592995195
2025-04-29,0.1736598163843155,0.12624271955368083
2025-04-30,0.10522318631410599,0.16340091986941666
2025-05-06,-0.26138147711753845,-0.32687424070421245
2025-05-07,-0.13706143200397491,-0.1580571799449416
2025-05-08,-0.1645633429288864,-0.1861045470454233
2025-05-09,-0.43002358078956604,-0.5217453081149794
2025-05-12,-0.2598239481449127,-0.27237381162479196
2025-05-13,-0.18107417225837708,-0.12651093674767425
2025-05-14,0.03428402170538902,0.05927041950610556
2025-05-15,-0.261399507522583,-0.20636785835438587
2025-05-16,-0.3222486972808838,-0.2431133346486534
2025-05-19,-0.0025481400080025196,-0.03118775992010386
2025-05-20,0.01736992597579956,-0.098857311636733
2025-05-21,-0.05776141583919525,0.10958296201868531
2025-05-22,-0.09082391858100891,-0.18088825530694483
2025-05-23,-0.3836057186126709,-0.21851157804400562
2025-05-26,-0.11826735734939575,-0.16639178067639984
2025-05-27,-0.04688010364770889,-0.07965168080852313
2025-05-28,-0.12594585120677948,-0.2822645845803918
2025-05-29,-0.260126531124115,-0.38719113486308093
2025-05-30,0.06776930391788483,0.1257113972702799
2025-06-03,0.03309505432844162,0.08347232638396933
2025-06-04,0.17924781143665314,0.13449389054827335
2025-06-05,-0.1076304018497467,-0.23979872061118163
2025-06-06,-0.045157864689826965,-0.2751552716782012
2025-06-09,-0.07498248666524887,-0.1568262586416239
2025-06-10,-0.07859033346176147,-0.13206943006310642
2025-06-11,-0.19966457784175873,-0.01096754084319629
2025-06-12,-0.057945143431425095,-0.02218735052128796
2025-06-13,0.013566280715167522,-0.15425531974673568
2025-06-16,0.005609254818409681,-0.009942438278948534
2025-06-17,-0.1289178878068924,-0.05564955913065482
2025-06-18,0.23673750460147858,0.2659855060898973
2025-06-19,0.017118502408266068,0.087481564108964
2025-06-20,-0.13918861746788025,-0.15613431550922782
2025-06-23,0.3416963219642639,0.29719350581872145
2025-06-24,0.4715922474861145,0.3516140704352104
2025-06-25,-0.14283937215805054,-0.14127814716200476
2025-06-26,-0.1543135643005371,-0.2984914147821203
2025-06-27,0.1069747656583786,0.10184185840364382
2025-06-30,-0.26328349113464355,-0.17233258614940444
2025-07-01,-0.10877002775669098,0.0011631608685628062
2025-07-02,-0.24462851881980896,-0.20873168036761944
2025-07-03,-0.06926973909139633,-0.13408406256580538
2025-07-04,0.26080387830734253,0.2316086464103517
2025-07-07,-0.015235543251037598,-0.12193118876615773
2025-07-08,0.0136177409440279,-0.09710565788735367
2025-07-09,0.1105433776974678,0.14508596142547925
2025-07-10,-0.03875938430428505,0.0011583442350107049
2025-07-11,-0.29085299372673035,-0.3336495755908599
2025-07-14,0.15148624777793884,-0.05665633237174629
2025-07-15,-0.23205816745758057,-0.1825032630881413
2025-07-16,-0.18555450439453125,-0.13028440800833976
2025-07-17,-0.05666571483016014,-0.14531724613734764
2025-07-18,0.03138890117406845,0.041448928056775504
2025-07-21,0.2516877055168152,0.3652329027472716
2025-07-22,-0.27846387028694153,-0.3419829477465383
2025-07-23,-0.020051706582307816,-0.11668616181499608
2025-07-24,-0.07871121168136597,-0.0973870870930604
2025-07-25,0.1117907389998436,0.11643978312976008
2025-07-28,0.300636351108551,0.09227780432835052
2025-07-29,-0.18806535005569458,-0.3793190270701355
2025-07-30,-0.006750680506229401,-0.014431367668999443
2025-07-31,-0.2507842183113098,-0.24275018918624264
2025-08-01,-0.015327825210988522,-0.09831614169098883
2025-08-04,-0.1331472545862198,-0.1414017708617364
2025-08-05,-0.057057857513427734,-0.04905671402564007
2025-08-06,-0.004758154973387718,-0.1027275607912973
2025-08-07,0.0016183345578610897,0.0897642601178978
2025-08-08,-0.10975919663906097,-0.2689279417095873
2025-08-11,0.06341255456209183,-0.06476633375369253
2025-08-12,0.1979089081287384,0.02688548469865062
2025-08-13,-0.11381272226572037,-0.05813952557066925
2025-08-14,-0.2209603488445282,-0.27155911277598915
2025-08-15,0.24120394885540009,0.22852752597905263
2025-08-18,0.14799611270427704,0.08671623002481636
2025-08-19,-0.12382826209068298,-0.20564611846810946
2025-08-20,-0.049763210117816925,-0.14906890714605442
2025-08-21,-0.21936804056167603,-0.4007146094438911
2025-08-22,0.20858034491539001,-0.05140694584577699
2025-08-25,-0.14300470054149628,-0.06391011283196278
2025-08-26,-0.12291643768548965,0.007395220626671873
2025-08-27,0.27281641960144043,0.10583162123639017
2025-08-28,-0.0772821456193924,-0.1511603907545989
2025-08-29,0.18263225257396698,0.1551417445762342
2025-09-01,-0.04792547598481178,-0.038301833831915
2025-09-02,-0.025441285222768784,0.07484795471200012
2025-09-03,0.006497908383607864,0.08391687033703611
2025-09-04,-0.30433839559555054,-0.4033111955006564
2025-09-05,-0.03062288649380207,0.06961711482446685
2025-09-08,-0.0389724001288414,-0.061021434618424394
2025-09-09,-0.136661559343338,-0.10586191906693207
2025-09-10,0.2986316680908203,0.1471800749578089
2025-09-11,0.11590628325939178,0.05825752771072312
2025-09-12,-0.12889952957630157,0.025090501226000147
2025-09-15,0.019843069836497307,-0.00023648356706795445
2025-09-16,0.07218778133392334,0.13153828183911115
2025-09-17,-0.10172631591558456,-0.20375350868480854
2025-09-18,-0.09930913150310516,-0.0928420699786474
2025-09-19,-0.3175228536128998,-0.4234107017586927
2025-09-22,-0.059307247400283813,-0.09099487641787862
2025-09-23,0.02500935271382332,-0.2524261340564604
2025-09-24,0.25838136672973633,0.29813872608822733
2025-09-25,-0.32801443338394165,-0.314659078356063
2025-09-26,-0.03218100592494011,-0.04671209556518863
2025-09-29,0.04137018322944641,0.07206833097905141
2025-09-30,0.20321522653102875,0.23966900409801295
2025-10-09,-0.14483937621116638,-0.1316446820722808
2025-10-10,-0.07496053725481033,0.03422644535792468
2025-10-13,-0.3897656798362732,-0.3485385706443208
2025-10-14,-0.30210959911346436,-0.2403770169694279
2025-10-15,0.029616743326187134,0.02952869817615441
2025-10-16,0.02046802267432213,0.18972521079948268
2025-10-17,-0.08393210917711258,-0.13809089047092155
2025-10-20,-0.0902736559510231,-0.14389528621060232
2025-10-21,-0.021257184445858,0.004309567413405337
2025-10-22,-0.1003994420170784,0.021442990456599437
2025-10-23,-0.2924847900867462,-0.2128716521730594
2025-10-24,0.2772349417209625,0.1992617350268409
2025-10-27,0.05689506232738495,-0.0574174117628022
2025-10-28,-0.14621932804584503,-0.1836550634332043
2025-10-29,0.09987708181142807,-0.14557173633192716
2025-10-30,0.09297516942024231,0.08632459514185699
2025-10-31,0.12103796750307083,0.11927789811909523
2025-11-03,0.21617385745048523,0.27427897522799344
2025-11-04,-0.2063913196325302,-0.14443480105032888
2025-11-05,0.22175751626491547,0.34454881285819583
2025-11-06,0.01468823105096817,-0.14979033637195727
2025-11-07,0.20811304450035095,0.18548540967181923
2025-11-10,0.24078768491744995,0.21393739268176046
2025-11-11,-0.017628369852900505,0.18781142962493033
2025-11-12,-0.12637358903884888,-0.279640812323045
2025-11-13,-0.34917524456977844,-0.350703881390287
2025-11-14,-0.24577726423740387,-0.14363500767334828
2025-11-17,0.011146153323352337,-0.0027259213371937287
2025-11-18,-0.3304852247238159,-0.28617238771049597
2025-11-19,-0.06194157898426056,0.028411004503471147
2025-11-20,0.42654985189437866,0.4930814176241696
2025-11-21,0.14474725723266602,0.10205833701412897
2025-11-24,-0.23753228783607483,-0.2799776589120424
2025-11-25,0.08876090496778488,-0.06953538217558693
2025-11-26,-0.0713311955332756,-0.12803965436193504
2025-11-27,-0.06882955878973007,-0.21696462809651368
2025-11-28,-0.0333683155477047,0.01975211545185994
2025-12-01,-0.07856301963329315,-0.017442957136519815
2025-12-02,0.12133034318685532,0.23779752460643358
2025-12-03,0.18792538344860077,0.08874369864814635
2025-12-04,-0.02350751683115959,-0.09578990317896414
2025-12-05,0.036183394491672516,0.014986536879978581
2025-12-08,0.2889215648174286,0.19668070034442972
2025-12-09,-0.30451834201812744,-0.2987316811168758
2025-12-10,-0.1473858505487442,-0.15014686049977957
2025-12-11,-0.01932043768465519,-0.15278693744187807
2025-12-12,-0.1611279994249344,-0.15465766226353161
2025-12-15,0.002660227008163929,0.0012981383921923943
2025-12-16,-0.14918152987957,-0.2962658520562153
2025-12-17,-0.4160510003566742,-0.38769881000000145
2025-12-18,-0.1624501794576645,-0.15397576240363486
2025-12-19,-0.0013587764697149396,-0.05977692108093956
2025-12-22,0.10188207775354385,0.06765342915268731
2025-12-23,-0.10799619555473328,-0.1668227647381312
2025-12-24,0.08845905214548111,0.05132158077689466
2025-12-25,0.03029974177479744,0.061024715246643386
2025-12-26,-0.1983262151479721,-0.2740563181546822
2025-12-29,0.06456360965967178,0.016418538052064485
2025-12-30,0.281386137008667,0.05971056244260125
2025-12-31,-0.15965986251831055,-0.2660734641010456
