date,open,close,high,low,amount
2022-01-04,2788.66,2767.45,2809.87,2743.21,567676.38
2022-01-05,2761.39,2828.05,2857.13,2743.81,793807.07
2022-01-06,2828.05,2723.82,2828.05,2700.79,898364.38
2022-01-07,2712.91,2732.91,2752.3,2712.91,378860.62
2022-01-10,2725.03,2787.45,2797.75,2718.36,595370.27
2022-01-11,2763.81,2714.12,2782.6,2709.27,562208.15
2022-01-12,2714.12,2720.18,2738.97,2695.94,356539.76
2022-01-13,2725.03,2664.43,2730.48,2655.34,494851.82
2022-01-14,2672.91,2655.95,2685.03,2648.07,280463.27
2022-01-17,2652.31,2674.13,2693.52,2634.74,376929.67
2022-01-18,2664.43,2689.88,2705.03,2662.01,307002.94
2022-01-19,2682.0,2683.22,2703.21,2652.31,292534.68
2022-01-20,2682.61,2728.66,2731.69,2675.94,437023.01
2022-01-21,2714.12,2728.66,2744.42,2698.37,352294.58
2022-01-24,2712.3,2688.67,2725.03,2676.55,274999.81
2022-01-25,2668.67,2643.83,2709.88,2635.34,354304.49
2022-01-26,2649.89,2657.16,2694.73,2604.44,361880.47
2022-01-27,2637.16,2611.1,2679.58,2602.62,374825.25
2022-01-28,2615.95,2608.07,2660.79,2594.74,436737.73
2022-02-07,2640.19,2649.89,2670.49,2626.86,345841.77
2022-02-08,2649.89,2643.22,2649.89,2585.65,326386.52
2022-02-09,2641.4,2720.79,2723.21,2640.19,529762.53
2022-02-10,2740.18,2725.63,2748.06,2707.46,288133.39
2022-02-11,2743.21,2714.73,2743.21,2710.49,289813.53
2022-02-14,2704.43,2725.03,2748.06,2694.73,377607.19
2022-02-15,2737.15,2717.76,2754.72,2702.61,370732.7
2022-02-16,2729.27,2742.6,2747.45,2695.94,322853.05
2022-02-17,2755.33,2751.09,2778.96,2741.39,302762.38
2022-02-18,2740.18,2758.96,2766.84,2729.27,247945.73
2022-02-21,2755.33,2786.23,2788.05,2741.39,300612.86
2022-02-22,2769.27,2754.72,2772.3,2718.97,333409.7
2022-02-23,2785.63,2739.57,2797.75,2728.06,300937.47
2022-02-24,2732.91,2695.94,2732.91,2660.79,437054.21
2022-02-25,2704.43,2694.73,2732.3,2682.61,255129.29
2022-02-28,2666.25,2695.94,2697.15,2665.04,247484.4
2022-03-01,2691.09,2694.73,2707.46,2668.67,389357.05
2022-03-02,2679.58,2678.97,2697.76,2668.67,227063.42
2022-03-03,2680.19,2684.43,2697.76,2652.31,273167.7
2022-03-04,2687.46,2685.64,2697.76,2658.98,321797.22
2022-03-07,2665.04,2576.56,2669.28,2558.99,681861.1
2022-03-08,2576.56,2523.84,2598.98,2506.87,492880.52
2022-03-09,2534.14,2520.81,2575.35,2434.76,596361.14
2022-03-10,2562.62,2528.08,2573.53,2525.05,371753.44
2022-03-11,2573.53,2622.01,2634.13,2562.62,791863.93
2022-03-14,2591.11,2558.99,2610.5,2558.99,441538.01
2022-03-15,2531.11,2446.28,2543.23,2438.4,680372.19
2022-03-16,2482.63,2550.51,2568.08,2425.67,669713.32
2022-03-17,2578.99,2555.35,2621.41,2552.32,614702.9
2022-03-18,2546.26,2591.71,2591.71,2522.02,518003.99
2022-03-21,2576.56,2543.23,2579.59,2528.69,461417.62
2022-03-22,2540.81,2550.51,2566.26,2531.72,255852.68
2022-03-23,2550.51,2532.33,2556.56,2526.87,328580.07
2022-03-24,2524.45,2512.93,2545.05,2494.75,376762.09
2022-03-25,2509.9,2467.49,2518.99,2463.24,362854.49
2022-03-28,2425.67,2484.45,2484.45,2423.25,315747.39
2022-03-29,2491.12,2464.46,2509.3,2459.61,248110.71
2022-03-30,2483.24,2539.6,2539.6,2475.97,355443.13
2022-03-31,2529.9,2536.57,2554.14,2518.99,277428.66
2022-04-01,2533.54,2563.84,2585.05,2519.6,297259.0
2022-04-06,2538.99,2555.35,2569.9,2531.11,278201.0
2022-04-07,2537.17,2531.72,2564.44,2525.66,213644.0
2022-04-08,2531.72,2540.81,2552.93,2520.21,236182.0
2022-04-11,2525.05,2514.15,2540.81,2494.75,306284.0
2022-04-12,2524.45,2570.5,2570.5,2502.63,351116.0
2022-04-13,2555.96,2584.44,2607.47,2549.9,435369.0
2022-04-14,2597.77,2646.25,2653.52,2584.44,443541.0
2022-04-15,2623.83,2640.8,2682.61,2623.83,358967.0
2022-04-18,2625.65,2623.83,2673.52,2609.89,358948.0
2022-04-19,2624.44,2612.92,2660.79,2592.32,266211.0
2022-04-20,2615.95,2654.13,2694.73,2604.44,587615.0
2022-04-21,2638.98,2629.89,2673.52,2611.1,422467.0
2022-04-22,2604.44,2625.04,2643.22,2579.59,368506.0
2022-04-25,2592.32,2563.23,2632.92,2561.41,474592.0
2022-04-26,2563.23,2595.95,2634.13,2544.45,510453.0
2022-04-27,2594.74,2664.43,2664.43,2591.71,556900.0
2022-04-28,2652.31,2607.47,2656.55,2566.26,764638.0
2022-04-29,2607.47,2632.31,2645.04,2588.68,532622.0
2022-05-05,2694.73,2647.46,2694.73,2637.77,564202.0
2022-05-06,2622.01,2589.89,2636.55,2588.68,343164.0
2022-05-09,2585.65,2594.14,2605.65,2568.08,323295.0
2022-05-10,2579.59,2667.46,2672.91,2573.53,587184.0
2022-05-11,2663.22,2646.25,2664.43,2630.5,521092.0
2022-05-12,2635.34,2650.49,2660.79,2623.83,243961.0
2022-05-13,2634.13,2631.1,2655.34,2613.53,306071.0
2022-05-16,2617.77,2562.62,2634.13,2547.48,535843.0
2022-05-17,2555.35,2580.8,2580.8,2550.51,325907.0
2022-05-18,2579.59,2586.26,2597.17,2531.11,463222.0
2022-05-19,2555.35,2538.99,2569.9,2525.66,433439.0
2022-05-20,2538.39,2584.44,2584.44,2537.17,428320.0
2022-05-23,2587.47,2554.14,2587.47,2546.87,364757.0
2022-05-24,2561.41,2549.29,2579.59,2537.17,389575.0
2022-05-25,2546.87,2551.72,2573.53,2537.78,264343.0
2022-05-26,2551.72,2565.65,2587.47,2549.29,454455.0
2022-05-27,2574.14,2578.99,2608.07,2565.65,332890.0
2022-05-30,2585.05,2583.83,2614.74,2574.14,405757.0
2022-05-31,2585.05,2603.83,2615.35,2568.68,561167.0
2022-06-01,2607.47,2577.17,2607.47,2554.14,548324.0
2022-06-02,2559.6,2550.51,2569.9,2535.36,387338.0
2022-06-06,2537.78,2550.51,2551.11,2499.6,719525.0
2022-06-07,2539.6,2563.84,2580.2,2533.54,507212.0
2022-06-08,2574.14,2608.07,2641.4,2566.87,793944.0
2022-06-09,2619.59,2603.23,2629.89,2587.47,650307.0
2022-06-10,2610.5,2621.41,2624.44,2595.35,624444.0
2022-06-13,2613.53,2605.65,2615.35,2586.86,593981.0
2022-06-14,2603.83,2647.46,2649.89,2577.17,548505.0
2022-06-15,2647.46,2666.25,2695.34,2635.95,887945.0
2022-06-16,2686.25,2665.64,2714.73,2649.89,575579.0
2022-06-17,2654.73,2679.58,2688.67,2643.83,505039.0
2022-06-20,2686.85,2655.95,2691.7,2648.07,659692.0
2022-06-21,2650.49,2646.25,2679.58,2628.68,458285.0
2022-06-22,2655.34,2628.07,2658.98,2621.41,432763.0
2022-06-23,2642.01,2637.77,2648.07,2614.13,509043.0
2022-06-24,2635.95,2662.01,2672.91,2622.62,698862.0
2022-06-27,2662.01,2704.43,2728.66,2661.4,828321.0
2022-06-28,2715.94,2710.49,2721.39,2692.31,432308.0
2022-06-29,2707.46,2665.04,2712.91,2660.19,509701.0
2022-06-30,2665.04,2719.58,2723.82,2662.01,667768.0
2022-07-01,2712.91,2688.67,2731.09,2666.85,460763.0
2022-07-04,2642.01,2651.1,2663.22,2605.04,915083.0
2022-07-05,2641.4,2624.44,2655.95,2614.74,592621.0
2022-07-06,2626.86,2602.62,2638.98,2591.11,609086.0
2022-07-07,2602.62,2578.38,2604.44,2574.74,556958.0
2022-07-08,2587.47,2561.41,2594.14,2557.78,536485.0
2022-07-11,2561.41,2547.48,2561.41,2524.45,562625.0
2022-07-12,2549.9,2563.84,2566.26,2535.36,605838.0
2022-07-13,2574.14,2538.39,2574.74,2529.9,530954.0
2022-07-14,2538.39,2546.26,2552.93,2517.18,444557.0
2022-07-15,2546.26,2521.42,2575.96,2520.81,517258.0
2022-07-18,2524.45,2543.84,2554.14,2517.18,393582.0
2022-07-19,2532.33,2550.51,2552.93,2524.45,375627.0
2022-07-20,2554.14,2571.11,2580.8,2550.51,495079.0
2022-07-21,2565.05,2548.08,2569.9,2548.08,265675.0
2022-07-22,2548.08,2557.78,2568.08,2541.42,275282.0
2022-07-25,2563.84,2577.77,2578.99,2548.08,345823.0
2022-07-26,2574.14,2575.96,2591.71,2558.99,353951.0
2022-07-27,2571.11,2565.65,2585.05,2558.99,307119.0
2022-07-28,2575.35,2587.47,2598.98,2566.87,402444.0
2022-07-29,2587.47,2530.51,2593.53,2525.66,526919.0
2022-08-01,2530.51,2531.11,2538.99,2503.84,387995.0
2022-08-02,2510.51,2498.39,2514.75,2471.73,455043.0
2022-08-03,2497.78,2489.91,2515.36,2482.03,296495.0
2022-08-04,2500.21,2515.36,2521.42,2491.12,232817.0
2022-08-05,2528.08,2562.62,2564.44,2510.51,368776.0
2022-08-08,2569.9,2561.41,2586.26,2551.72,292881.0
2022-08-09,2561.41,2563.84,2578.99,2554.14,230596.0
2022-08-10,2566.87,2537.78,2575.35,2531.72,246189.0
2022-08-11,2549.29,2571.11,2572.93,2537.78,290771.0
2022-08-12,2569.9,2578.38,2583.23,2561.41,196513.0
2022-08-15,2566.87,2555.96,2586.26,2554.14,271294.0
2022-08-16,2557.17,2559.6,2574.74,2541.42,208011.0
2022-08-17,2567.47,2561.41,2571.11,2544.45,241168.0
2022-08-18,2555.96,2540.81,2555.96,2537.78,231682.0
2022-08-19,2534.75,2527.48,2545.66,2526.27,210902.0
2022-08-22,2520.21,2532.93,2545.66,2517.18,212356.0
2022-08-23,2530.51,2506.27,2540.81,2504.45,242459.0
2022-08-24,2505.06,2489.91,2515.36,2489.3,280745.0
2022-08-25,2489.91,2528.69,2532.93,2485.66,368653.0
2022-08-26,2557.78,2552.32,2560.81,2534.75,311838.0
2022-08-29,2542.02,2537.78,2555.35,2534.75,237665.0
2022-08-30,2548.08,2548.69,2557.78,2523.24,215755.0
2022-08-31,2522.02,2525.05,2540.81,2481.42,591012.0
2022-09-01,2505.06,2452.94,2512.93,2451.73,656909.0
2022-09-02,2455.97,2413.55,2469.3,2394.77,602934.0
2022-09-05,2395.37,2381.44,2409.31,2363.86,410003.0
2022-09-06,2385.68,2397.19,2397.8,2379.01,273726.0
2022-09-07,2388.1,2372.35,2396.59,2366.89,396174.0
2022-09-08,2365.68,2375.38,2386.89,2365.68,275065.0
2022-09-09,2374.16,2401.43,2403.86,2368.1,395604.0
2022-09-13,2404.46,2403.86,2417.79,2392.95,355024.0
2022-09-14,2383.25,2395.37,2397.8,2380.22,241093.0
2022-09-15,2395.37,2400.83,2425.67,2386.28,443258.0
2022-09-16,2392.34,2351.74,2400.83,2351.74,458543.0
2022-09-19,2357.8,2352.95,2368.71,2330.53,294433.0
2022-09-20,2353.56,2338.41,2362.04,2320.84,292160.0
2022-09-21,2323.26,2327.5,2341.44,2316.59,265960.0
2022-09-22,2315.38,2298.42,2328.11,2298.42,305885.0
2022-09-23,2292.36,2325.68,2334.77,2289.33,444113.0
2022-09-26,2338.41,2320.23,2340.83,2319.62,264327.0
2022-09-27,2318.41,2372.35,2377.8,2312.96,408776.0
2022-09-28,2369.92,2374.77,2401.43,2354.17,425824.0
2022-09-29,2374.77,2377.19,2410.52,2362.65,317542.0
2022-09-30,2376.59,2357.8,2387.5,2354.77,264762.0
2022-10-10,2337.8,2316.59,2362.65,2310.53,295575.0
2022-10-11,2336.59,2320.23,2336.59,2301.45,186800.0
2022-10-12,2318.41,2332.35,2334.77,2275.99,357993.0
2022-10-13,2323.87,2332.35,2343.86,2303.87,268500.0
2022-10-14,2329.93,2347.5,2362.04,2329.32,341543.0
2022-10-17,2334.77,2359.62,2369.32,2329.93,287431.0
2022-10-18,2360.23,2345.08,2383.86,2340.83,320270.0
2022-10-19,2340.23,2328.71,2355.38,2317.2,287299.0
2022-10-20,2310.53,2195.4,2313.56,2192.97,994402.0
2022-10-21,2180.25,2173.58,2206.31,2153.58,645420.0
2022-10-24,2145.71,2110.56,2182.67,2104.5,673983.0
2022-10-25,2092.99,2125.71,2140.25,2092.38,467633.0
2022-10-26,2122.68,2122.68,2162.07,2114.2,400414.0
2022-10-27,2134.19,2102.08,2143.89,2099.65,383819.0
2022-10-28,1969.97,1927.55,1976.03,1927.55,1526504.0
2022-10-31,1885.74,1888.77,1921.49,1844.53,1144019.0
2022-11-01,1909.98,1967.55,1971.18,1874.83,1025654.0
2022-11-02,1947.55,2016.03,2020.87,1940.88,980889.0
2022-11-03,1994.21,1973.61,2011.78,1965.12,540088.0
2022-11-04,1966.94,2039.66,2068.14,1966.34,816778.0
2022-11-07,2025.12,2038.45,2063.9,2008.75,548726.0
2022-11-08,2037.24,2017.24,2052.99,2003.3,445014.0
2022-11-09,2019.06,2008.15,2030.57,2004.51,271662.0
2022-11-10,1996.03,2038.45,2039.66,1992.39,424300.0
2022-11-11,2076.02,2081.47,2103.29,2045.11,794879.0
2022-11-14,2116.01,2077.84,2124.5,2074.2,608038.0
2022-11-15,2082.08,2128.74,2145.1,2079.05,566234.0
2022-11-16,2117.83,2128.74,2154.19,2112.38,395519.0
2022-11-17,2128.74,2131.16,2150.55,2116.01,347608.0
2022-11-18,2136.01,2123.89,2145.71,2116.62,336682.0
2022-11-21,2098.44,2100.86,2109.35,2079.65,356047.0
2022-11-22,2108.14,2096.62,2127.53,2083.9,312731.0
2022-11-23,2097.23,2084.5,2107.53,2082.08,249812.0
2022-11-24,2096.02,2085.11,2108.74,2081.47,184112.0
2022-11-25,2080.26,2086.32,2089.96,2065.11,258539.0
2022-11-28,2056.02,2084.5,2094.2,2037.24,512354.0
2022-11-29,2110.56,2123.29,2130.56,2080.26,488163.0
2022-11-30,2115.41,2107.53,2123.29,2091.17,459285.0
2022-12-01,2159.04,2171.76,2186.91,2148.13,781448.0
2022-12-02,2172.37,2161.46,2182.67,2150.55,411134.0
2022-12-05,2203.28,2216.0,2236.0,2195.4,635426.0
2022-12-06,2228.73,2248.72,2273.57,2211.76,621479.0
2022-12-07,2247.51,2272.96,2294.78,2235.39,568206.0
2022-12-08,2274.18,2251.75,2279.02,2247.51,429203.0
2022-12-09,2259.63,2297.81,2298.42,2234.79,793739.0
2022-12-12,2285.08,2283.27,2297.2,2269.33,428774.0
2022-12-13,2269.33,2255.39,2271.15,2248.72,323927.0
2022-12-14,2256.0,2281.45,2292.36,2248.72,470884.0
2022-12-15,2281.45,2259.63,2297.81,2256.6,371907.0
2022-12-16,2248.12,2263.27,2268.12,2238.42,274406.0
2022-12-19,2257.21,2261.45,2302.05,2253.57,362393.0
2022-12-20,2251.15,2207.52,2260.84,2189.34,500474.0
2022-12-21,2226.91,2233.57,2251.75,2218.43,397616.0
2022-12-22,2243.88,2228.73,2256.0,2222.67,379633.0
2022-12-23,2215.4,2243.88,2254.18,2208.12,288056.0
2022-12-26,2242.66,2211.76,2246.91,2207.52,276479.0
2022-12-27,2230.54,2247.51,2254.18,2226.91,248260.0
2022-12-28,2233.57,2233.57,2248.12,2229.94,247539.0
2022-12-29,2220.24,2229.94,2239.03,2202.67,231122.0
2022-12-30,2236.0,2237.82,2256.0,2225.7,277286.0
2023-01-03,2237.82,2219.64,2242.06,2197.22,411926.0
2023-01-04,2219.64,2212.37,2234.18,2207.52,271849.0
2023-01-05,2227.51,2270.54,2274.18,2223.88,533181.0
2023-01-06,2280.24,2268.12,2280.24,2252.36,337507.0
2023-01-09,2265.09,2274.18,2285.69,2249.94,441710.0
2023-01-10,2273.57,2329.32,2331.74,2268.12,523043.0
2023-01-11,2329.93,2325.68,2349.92,2311.14,360004.0
2023-01-12,2323.87,2312.35,2338.41,2295.39,287305.0
2023-01-13,2313.56,2334.17,2335.99,2308.11,235924.0
2023-01-16,2346.89,2383.25,2401.43,2335.38,616299.0
2023-01-17,2389.92,2404.46,2407.49,2366.29,470992.0
2023-01-18,2394.16,2312.35,2405.67,2310.53,706190.0
2023-01-19,2319.02,2323.87,2323.87,2290.54,386099.0
2023-01-20,2331.74,2318.41,2334.17,2303.26,366235.0
2023-01-30,2348.11,2374.16,2389.31,2342.65,921466.0
2023-01-31,2388.71,2333.56,2389.31,2326.9,409474.0
2023-02-01,2345.68,2333.56,2349.92,2308.72,334379.0
2023-02-02,2334.77,2329.93,2346.89,2309.32,466121.0
2023-02-03,2319.02,2300.23,2327.5,2287.51,374458.0
2023-02-06,2283.27,2245.09,2283.87,2233.57,605860.0
2023-02-07,2245.69,2239.03,2263.87,2236.0,312502.0
2023-02-08,2249.33,2253.57,2262.06,2245.09,275007.0
2023-02-09,2253.57,2268.12,2278.42,2246.91,273063.0
2023-02-10,2268.72,2265.69,2277.21,2252.97,174655.0
2023-02-13,2272.36,2273.57,2278.42,2256.6,355995.0
2023-02-14,2274.18,2275.99,2283.87,2267.51,256928.0
2023-02-15,2272.96,2248.72,2274.18,2229.94,410826.0
2023-02-16,2247.51,2230.54,2266.9,2219.64,385099.0
2023-02-17,2229.94,2219.03,2252.97,2213.58,315698.0
2023-02-20,2221.46,2259.03,2265.69,2209.94,374236.0
2023-02-21,2256.6,2267.51,2273.57,2251.15,258398.0
2023-02-22,2257.81,2241.45,2263.87,2234.79,291253.0
2023-02-23,2239.03,2237.82,2256.0,2232.36,258597.0
2023-02-24,2237.82,2214.18,2245.09,2214.18,221955.0
2023-02-27,2205.09,2207.52,2217.21,2196.0,284854.0
2023-02-28,2209.34,2205.09,2234.18,2188.73,336162.0
2023-03-01,2209.34,2245.09,2246.3,2200.25,365306.0
2023-03-02,2237.82,2246.3,2256.0,2235.39,184933.0
2023-03-03,2249.94,2241.45,2259.03,2231.76,206935.0
2023-03-06,2241.45,2221.46,2243.27,2219.64,238931.0
2023-03-07,2215.4,2173.58,2217.21,2173.58,494736.0
2023-03-08,2175.4,2169.34,2177.22,2164.49,230976.0
2023-03-09,2170.55,2149.95,2176.01,2149.95,269194.0
2023-03-10,2140.86,2123.29,2158.43,2122.07,359616.0
2023-03-13,2123.29,2145.1,2173.58,2121.47,371426.0
2023-03-14,2145.71,2149.34,2154.8,2126.92,242518.0
2023-03-15,2162.67,2128.13,2172.98,2127.53,276885.0
2023-03-16,2123.29,2122.68,2143.28,2115.41,264328.0
2023-03-17,2134.8,2108.74,2140.86,2108.74,365640.0
2023-03-20,2109.35,2088.74,2116.62,2085.11,360542.0
2023-03-21,2088.74,2115.41,2119.04,2081.47,385345.0
2023-03-22,2116.01,2109.35,2125.1,2102.08,271843.0
2023-03-23,2104.5,2117.23,2136.01,2101.47,349434.0
2023-03-24,2118.44,2124.5,2137.22,2114.8,233914.0
2023-03-27,2127.53,2123.89,2137.83,2116.62,244090.0
2023-03-28,2123.89,2116.62,2136.62,2110.56,220243.0
2023-03-29,2126.32,2098.44,2131.16,2095.41,335733.0
2023-03-30,2102.68,2128.74,2136.01,2092.99,411323.0
2023-03-31,2128.74,2123.89,2144.5,2123.89,307856.0
2023-04-03,2123.29,2116.01,2127.53,2105.71,329934.0
2023-04-04,2117.83,2123.29,2131.77,2105.71,356836.0
2023-04-06,2122.07,2111.77,2122.68,2098.44,311790.0
2023-04-07,2111.17,2125.1,2133.59,2106.92,264010.0
2023-04-10,2127.53,2108.14,2134.19,2102.68,398584.0
2023-04-11,2104.5,2087.53,2109.35,2083.9,459655.0
2023-04-12,2087.53,2065.72,2091.17,2063.29,450222.0
2023-04-13,2056.02,2062.08,2069.35,2048.75,389720.0
2023-04-14,2066.93,2051.17,2074.81,2048.75,417361.0
2023-04-17,2048.75,2066.93,2067.53,2039.66,483124.0
2023-04-18,2066.93,2085.71,2089.35,2062.69,611207.0
2023-04-19,2086.32,2069.35,2088.74,2060.87,381782.0
2023-04-20,2065.72,2060.87,2076.02,2054.2,419389.0
2023-04-21,2068.14,2056.02,2097.23,2052.99,580134.0
2023-04-24,2057.23,2017.24,2061.48,2011.78,535892.0
2023-04-25,2019.66,2026.33,2036.02,2005.72,442516.0
2023-04-26,2020.27,2023.3,2034.21,2010.57,333996.0
2023-04-27,2021.48,2043.9,2049.36,2001.48,513736.0
2023-04-28,2098.44,2150.55,2176.61,2098.44,1331740.0
2023-05-04,2146.31,2168.13,2182.67,2139.65,698796.0
2023-05-05,2177.22,2159.64,2190.55,2146.31,452109.0
2023-05-08,2171.16,2185.1,2195.4,2159.04,663271.0
2023-05-09,2189.94,2171.16,2194.19,2170.55,451369.0
2023-05-10,2174.19,2166.92,2180.85,2159.04,290275.0
2023-05-11,2171.16,2151.77,2176.61,2146.92,223271.0
2023-05-12,2148.13,2163.28,2198.43,2143.28,353116.0
2023-05-15,2184.49,2192.97,2194.79,2168.73,339626.0
2023-05-16,2198.43,2180.25,2199.64,2171.76,296762.0
2023-05-17,2182.07,2166.31,2187.52,2165.1,217171.0
2023-05-18,2163.28,2157.22,2177.22,2148.13,214177.0
2023-05-19,2165.1,2168.13,2179.64,2149.34,203544.0
2023-05-22,2174.19,2204.49,2211.76,2167.52,461945.0
2023-05-23,2202.06,2217.82,2237.82,2195.4,517975.0
2023-05-24,2218.43,2177.22,2222.06,2175.4,395623.0
2023-05-25,2165.1,2160.86,2176.01,2146.92,357259.0
2023-05-26,2159.04,2145.1,2165.1,2129.35,261514.0
2023-05-29,2146.92,2127.53,2156.61,2106.32,345918.0
2023-05-30,2125.71,2128.13,2141.47,2093.59,360405.0
2023-05-31,2130.56,2105.11,2131.77,2100.86,276198.0
2023-06-01,2086.93,2122.07,2158.43,2086.32,340702.0
2023-06-02,2137.83,2162.67,2168.73,2128.13,286646.0
2023-06-05,2162.07,2147.52,2169.34,2143.89,187167.0
2023-06-06,2147.52,2146.92,2175.4,2140.86,240830.0
2023-06-07,2154.19,2146.92,2162.07,2142.68,208475.0
2023-06-08,2146.92,2153.58,2166.31,2127.53,208604.0
2023-06-09,2155.4,2167.52,2176.61,2149.95,322887.0
2023-06-12,2177.22,2170.55,2183.88,2151.16,363981.0
2023-06-13,2183.88,2175.4,2183.88,2163.28,268979.0
2023-06-14,2176.61,2183.88,2219.64,2174.19,401408.0
2023-06-15,2191.76,2197.82,2206.91,2178.43,262552.0
2023-06-16,2203.28,2202.06,2205.7,2187.52,310899.0
2023-06-19,2200.85,2182.67,2209.94,2179.64,246890.0
2023-06-20,2182.67,2168.73,2191.16,2168.13,184304.0
2023-06-21,2168.13,2167.52,2185.1,2162.67,233645.0
2023-06-26,2156.01,2163.28,2172.37,2145.1,263452.0
2023-06-27,2166.92,2155.4,2169.95,2147.52,205971.0
2023-06-28,2152.37,2151.16,2158.43,2137.83,215744.0
2023-06-29,2152.37,2132.98,2162.07,2125.71,309706.0
2023-06-30,2132.98,2138.44,2148.74,2126.32,235290.0
2023-07-03,2138.44,2187.52,2189.34,2137.83,458663.0
2023-07-04,2188.73,2188.13,2194.79,2172.37,225153.0
2023-07-05,2188.13,2165.7,2191.16,2158.43,211419.0
2023-07-06,2168.13,2156.61,2182.67,2155.4,222606.0
2023-07-07,2152.37,2160.25,2169.34,2150.55,164288.0
2023-07-10,2160.86,2142.07,2166.92,2137.22,364386.0
2023-07-11,2155.4,2149.34,2156.61,2137.83,194565.0
2023-07-12,2146.92,2140.86,2156.61,2137.83,164491.0
2023-07-13,2149.34,2179.04,2184.49,2148.74,313317.0
2023-07-14,2178.43,2123.29,2184.49,2112.98,793178.0
2023-07-17,2123.29,2091.77,2123.89,2077.84,544761.0
2023-07-18,2090.56,2076.62,2091.77,2065.72,462717.0
2023-07-19,2066.32,2072.99,2074.2,2051.78,531630.0
2023-07-20,2072.99,2069.35,2082.08,2065.72,350785.0
2023-07-21,2068.14,2083.9,2097.23,2066.32,349944.0
2023-07-24,2069.96,2074.81,2080.87,2062.69,190423.0
2023-07-25,2092.38,2104.5,2108.14,2091.17,550121.0
2023-07-26,2096.62,2102.08,2106.92,2093.59,211542.0
2023-07-27,2090.56,2104.5,2123.29,2088.74,482999.0
2023-07-28,2100.86,2148.13,2152.98,2099.05,593750.0
2023-07-31,2162.07,2159.04,2178.43,2149.34,444661.0
2023-08-01,2155.4,2134.19,2168.13,2128.13,377390.0
2023-08-02,2134.8,2134.19,2140.25,2123.29,236737.0
2023-08-03,2133.59,2149.95,2154.19,2131.16,242118.0
2023-08-04,2160.86,2137.83,2171.16,2137.83,366476.0
2023-08-07,2137.83,2125.71,2140.86,2120.26,301343.0
2023-08-08,2125.1,2124.5,2134.19,2114.2,240567.0
2023-08-09,2122.07,2128.74,2131.77,2120.26,224491.0
2023-08-10,2128.74,2111.17,2133.59,2101.47,331153.0
2023-08-11,2111.77,2088.74,2117.83,2088.74,338629.0
2023-08-14,2082.68,2081.47,2089.96,2063.29,322928.0
2023-08-15,2081.47,2080.87,2088.74,2065.11,255895.0
2023-08-16,2073.59,2068.14,2081.47,2064.5,277161.0
2023-08-17,2059.66,2077.23,2079.65,2046.93,281605.0
2023-08-18,2077.23,2055.42,2077.84,2052.99,270446.0
2023-08-21,2052.99,2032.99,2054.2,2031.78,329499.0
2023-08-22,2034.21,2042.08,2049.36,2020.27,363267.0
2023-08-23,2040.87,2019.66,2049.36,2018.45,266845.0
2023-08-24,2019.66,2028.15,2045.72,2007.54,299051.0
2023-08-25,2020.87,2043.3,2046.93,2019.66,273519.0
2023-08-28,2108.74,2047.54,2117.83,2040.27,660770.0
2023-08-29,2009.97,2035.42,2043.3,2001.48,684047.0
2023-08-30,2036.02,2031.18,2055.42,2028.15,331055.0
2023-08-31,2029.96,1997.85,2030.57,1997.85,547234.0
2023-09-01,2003.91,2000.88,2023.3,1998.45,485934.0
2023-09-04,2009.36,2024.51,2036.02,2001.48,777542.0
2023-09-05,2014.81,1999.66,2018.45,1997.85,686458.0
2023-09-06,1999.06,2009.36,2011.18,1990.57,328262.0
2023-09-07,2003.91,1990.57,2004.51,1990.57,417448.0
2023-09-08,1988.76,1984.51,1990.57,1973.61,291889.0
2023-09-11,1984.51,2004.51,2006.94,1974.82,376923.0
2023-09-12,2000.88,2010.57,2013.6,1995.42,268233.0
2023-09-13,2010.57,2008.75,2023.9,2004.51,392440.0
2023-09-14,2009.97,2013.0,2017.24,2002.69,229026.0
2023-09-15,2018.45,2005.72,2025.12,2000.27,315519.0
2023-09-18,2007.54,2014.81,2015.42,1995.42,249130.0
2023-09-19,2014.81,2011.78,2016.03,2005.12,226127.0
2023-09-20,2001.48,2006.33,2014.21,1998.45,273257.0
2023-09-21,2006.33,1989.36,2010.57,1989.36,283839.0
2023-09-22,1985.73,2034.21,2037.24,1985.73,557416.0
2023-09-25,2040.27,2037.84,2041.48,2026.93,311327.0
2023-09-26,2034.21,2044.51,2046.93,2029.36,256356.0
2023-09-27,2040.27,2036.63,2054.2,2035.42,218218.0
2023-09-28,2036.63,2029.96,2043.3,2022.09,234096.0
2023-10-09,2029.96,2032.39,2039.66,2015.42,251729.0
2023-10-10,2042.08,2045.72,2055.42,2035.42,311204.0
2023-10-11,2052.39,2061.48,2062.69,2043.3,381223.0
2023-10-12,2070.56,2064.5,2078.44,2056.63,280868.0
2023-10-13,2051.17,2049.36,2057.23,2039.66,224023.0
2023-10-16,2049.36,2026.33,2051.78,2025.72,273507.0
2023-10-17,2029.96,2049.36,2049.96,2017.84,307776.0
2023-10-18,2042.69,2033.6,2056.02,2033.6,218296.0
2023-10-19,2029.36,2007.54,2033.6,2006.94,342975.0
2023-10-20,2002.69,1995.42,2009.97,1985.73,312184.0
2023-10-23,1987.54,1973.0,2000.88,1958.46,271996.0
2023-10-24,1967.55,1974.21,1980.88,1949.37,292214.0
2023-10-25,1986.94,2000.88,2013.0,1985.73,316522.0
2023-10-26,1997.24,1998.45,2010.57,1986.33,233080.0
2023-10-27,1997.85,2051.17,2056.02,1994.21,499865.0
2023-10-30,2046.33,2038.45,2062.08,2023.3,358652.0
2023-10-31,2094.8,2083.9,2118.44,2081.47,1060163.0
2023-11-01,2097.83,2077.84,2102.08,2069.96,380535.0
2023-11-02,2076.62,2079.05,2094.2,2074.2,259403.0
2023-11-03,2088.74,2094.8,2100.86,2085.11,302980.0
2023-11-06,2101.47,2091.77,2103.89,2086.93,335740.0
2023-11-07,2088.74,2094.8,2100.26,2075.41,290656.0
2023-11-08,2092.99,2093.59,2097.83,2085.71,252746.0
2023-11-09,2087.53,2096.62,2106.92,2085.71,202622.0
2023-11-10,2093.59,2089.96,2099.05,2080.87,228341.0
2023-11-13,2097.23,2084.5,2097.23,2073.59,198096.0
2023-11-14,2086.32,2074.81,2096.62,2066.32,277090.0
2023-11-15,2084.5,2074.2,2091.77,2071.17,255552.0
2023-11-16,2077.84,2059.66,2080.87,2056.02,232802.0
2023-11-17,2051.17,2055.42,2064.5,2037.84,267754.0
2023-11-20,2058.45,2068.14,2076.62,2048.14,246993.0
2023-11-21,2073.59,2085.71,2094.2,2069.35,298083.0
2023-11-22,2082.08,2070.56,2082.08,2068.75,167638.0
2023-11-23,2061.48,2077.23,2081.47,2055.42,275549.0
2023-11-24,2078.44,2079.65,2088.74,2074.81,245952.0
2023-11-27,2077.84,2069.35,2079.65,2051.17,243815.0
2023-11-28,2069.35,2074.81,2087.53,2063.29,221438.0
2023-11-29,2074.81,2061.48,2077.84,2056.02,216847.0
2023-11-30,2061.48,2073.59,2075.41,2057.23,281135.0
2023-12-01,2070.56,2061.48,2071.17,2041.48,342336.0
2023-12-04,2061.48,2046.33,2062.69,2046.33,222346.0
2023-12-05,2043.9,2023.9,2060.87,2023.9,300666.0
2023-12-06,2017.24,2023.9,2037.84,2011.78,257564.0
2023-12-07,2017.24,2019.06,2030.57,2007.54,246389.0
2023-12-08,2021.48,2019.66,2042.69,2016.63,259968.0
2023-12-11,2003.91,2017.84,2034.21,1975.43,373749.0
2023-12-12,2017.24,2025.12,2028.15,2010.57,270163.0
2023-12-13,2027.54,1987.54,2027.54,1986.33,402905.0
2023-12-14,1997.85,1990.57,2009.97,1989.97,266436.0
2023-12-15,1993.0,1968.15,2003.91,1968.15,363713.0
2023-12-18,1953.0,1973.61,1980.27,1953.0,363468.0
2023-12-19,1967.55,1964.52,1979.67,1957.25,243621.0
2023-12-20,1965.12,1957.25,1970.58,1953.0,256530.0
2023-12-21,1953.61,1977.24,1982.7,1953.0,307945.0
2023-12-22,1979.06,1997.85,2002.69,1977.85,381448.0
2023-12-25,1997.85,2003.91,2013.6,1992.39,224631.0
2023-12-26,2003.91,1986.33,2008.15,1980.27,200504.0
2023-12-27,1988.76,2005.72,2009.36,1978.46,253797.0
2023-12-28,2013.6,2049.36,2052.39,2009.36,490373.0
2023-12-29,2046.33,2043.3,2054.2,2028.15,364765.0
2024-01-02,2049.36,2014.21,2049.36,2013.6,267322.0
2024-01-03,2013.0,2001.48,2023.3,1997.85,287976.0
2024-01-04,2003.3,1996.03,2008.75,1985.73,294193.0
2024-01-05,1996.63,2005.12,2025.12,1992.39,387188.0
2024-01-08,2012.39,2006.94,2028.15,1998.45,417471.0
2024-01-09,2003.91,2016.63,2024.51,1988.76,329539.0
2024-01-10,2019.66,2032.39,2036.63,2009.97,356590.0
2024-01-11,2026.93,2034.21,2056.63,2025.12,367427.0
2024-01-12,2028.15,2043.3,2046.33,2026.33,248942.0
2024-01-15,2038.45,2040.87,2055.42,2028.15,244759.0
2024-01-16,2034.21,2052.39,2054.81,2032.39,348213.0
2024-01-17,2049.96,2022.09,2051.17,2022.09,341695.0
2024-01-18,2016.03,2043.3,2049.36,1996.63,512824.0
2024-01-19,2028.75,2050.57,2053.6,2026.33,401416.0
2024-01-22,2052.99,2039.05,2058.45,2020.27,577170.0
2024-01-23,2037.24,2025.72,2042.69,2008.75,368964.0
2024-01-24,2028.75,2046.33,2054.2,2009.97,333679.0
2024-01-25,2045.72,2062.69,2063.9,2042.08,394562.0
2024-01-26,2053.6,2070.56,2073.59,2043.9,396744.0
2024-01-29,2066.93,2088.14,2096.62,2065.72,473263.0
2024-01-30,2079.65,2075.41,2095.41,2074.81,334805.0
2024-01-31,2073.59,2063.9,2087.53,2052.39,353407.0
2024-02-01,2063.9,2056.02,2076.02,2051.17,350767.0
2024-02-02,2069.96,2056.02,2097.83,2032.39,596667.0
2024-02-05,2062.69,2097.83,2112.98,2048.75,846389.0
2024-02-06,2097.83,2127.53,2149.34,2096.02,775110.0
2024-02-07,2127.53,2136.01,2136.01,2114.2,730802.0
2024-02-08,2138.44,2129.95,2149.34,2105.11,593436.0
2024-02-19,2140.86,2139.04,2143.28,2123.89,515275.0
2024-02-20,2138.44,2160.25,2162.67,2129.95,566613.0
2024-02-21,2156.01,2170.55,2191.76,2148.74,544953.0
2024-02-22,2175.4,2183.28,2188.13,2167.52,351156.0
2024-02-23,2178.43,2178.43,2187.52,2165.1,352859.0
2024-02-26,2174.79,2160.86,2182.07,2160.25,328375.0
2024-02-27,2154.19,2143.89,2164.49,2131.77,478917.0
2024-02-28,2138.44,2131.16,2146.31,2125.1,471707.0
2024-02-29,2130.56,2140.25,2146.31,2126.32,436347.0
2024-03-01,2137.22,2134.8,2145.1,2125.71,371307.0
2024-03-04,2128.74,2127.53,2134.19,2113.59,412212.0
2024-03-05,2127.53,2170.55,2171.76,2121.47,581691.0
2024-03-06,2165.1,2149.34,2171.16,2147.52,361882.0
2024-03-07,2145.71,2152.37,2163.28,2142.07,326758.0
2024-03-08,2152.37,2137.22,2159.04,2128.74,290255.0
2024-03-11,2137.22,2149.34,2152.37,2126.32,357191.0
2024-03-12,2149.34,2159.04,2165.7,2139.65,423313.0
2024-03-13,2156.61,2129.35,2159.04,2123.29,476882.0
2024-03-14,2125.1,2128.74,2152.37,2122.68,325902.0
2024-03-15,2125.71,2168.73,2173.58,2124.5,707166.0
2024-03-18,2167.52,2186.31,2194.79,2160.86,568990.0
2024-03-19,2182.67,2185.1,2197.22,2170.55,374064.0
2024-03-20,2188.73,2179.64,2189.94,2172.37,249405.0
2024-03-21,2185.7,2173.58,2185.7,2168.73,228517.0
2024-03-22,2174.19,2158.43,2177.82,2139.04,324729.0
2024-03-25,2154.19,2142.07,2158.43,2140.25,261190.0
2024-03-26,2149.34,2137.83,2151.16,2128.74,354466.0
2024-03-27,2134.19,2127.53,2141.47,2126.92,290682.0
2024-03-28,2119.04,2107.53,2136.01,2102.68,479084.0
2024-03-29,2109.35,2112.98,2127.53,2104.5,276270.0
2024-04-01,2118.44,2128.13,2144.5,2116.01,430919.0
2024-04-02,2128.74,2105.11,2131.77,2097.83,376937.0
2024-04-03,2100.86,2099.05,2108.74,2084.5,380629.0
2024-04-08,2088.74,2074.81,2092.99,2058.45,540443.0
2024-04-09,2074.2,2080.26,2091.17,2068.14,243162.0
2024-04-10,2081.47,2069.96,2086.32,2064.5,323784.0
2024-04-11,2061.48,2059.66,2070.56,2046.93,374547.0
2024-04-12,2056.02,2032.39,2063.9,2031.18,421325.0
2024-04-15,2032.99,2060.87,2079.05,2032.99,499382.0
2024-04-16,2052.39,2072.38,2085.11,2046.93,448529.0
2024-04-17,2072.38,2080.26,2082.08,2055.42,364428.0
2024-04-18,2072.38,2100.86,2107.53,2071.17,432832.0
2024-04-19,2094.2,2098.44,2104.5,2083.9,274485.0
2024-04-22,2102.08,2112.38,2125.1,2100.86,326632.0
2024-04-23,2109.35,2114.2,2123.29,2100.86,378737.0
2024-04-24,2119.65,2117.83,2122.07,2097.23,280876.0
2024-04-25,2116.01,2123.89,2133.59,2114.2,282280.0
2024-04-26,2123.89,2119.65,2140.25,2119.04,363814.0
2024-04-29,2106.92,2136.62,2148.13,2103.29,585720.0
2024-04-30,2172.98,2156.01,2179.04,2125.1,1173292.0
2024-05-06,2168.73,2167.52,2181.46,2152.98,861791.0
2024-05-07,2166.31,2140.25,2166.92,2131.16,638007.0
2024-05-08,2139.65,2132.98,2148.13,2131.77,415686.0
2024-05-09,2129.95,2132.38,2141.47,2126.32,529754.0
2024-05-10,2132.98,2116.01,2137.83,2108.74,588763.0
2024-05-13,2111.77,2119.04,2122.68,2102.08,495749.0
2024-05-14,2120.86,2110.56,2125.1,2108.14,470406.0
2024-05-15,2110.56,2106.92,2116.62,2102.68,274530.0
2024-05-16,2103.89,2105.11,2113.59,2096.62,533485.0
2024-05-17,2101.47,2125.71,2127.53,2101.47,620865.0
2024-05-20,2124.5,2152.98,2160.86,2119.65,809073.0
2024-05-21,2168.73,2189.34,2195.4,2168.13,1135160.0
2024-05-22,2183.28,2193.58,2206.91,2180.85,737782.0
2024-05-23,2184.49,2197.22,2200.25,2167.52,738519.0
2024-05-24,2182.67,2172.37,2202.67,2168.73,512623.0
2024-05-27,2168.73,2180.85,2189.34,2168.73,421459.0
2024-05-28,2180.25,2165.7,2188.73,2162.67,333486.0
2024-05-29,2168.13,2176.61,2184.49,2168.13,302459.0
2024-05-30,2171.76,2149.95,2175.4,2149.34,453022.0
2024-05-31,2153.58,2137.83,2160.25,2137.83,353571.0
2024-06-03,2138.44,2154.19,2156.01,2132.98,378653.0
2024-06-04,2151.16,2156.61,2170.55,2140.25,481308.0
2024-06-05,2165.7,2150.55,2173.58,2148.74,482234.0
2024-06-06,2152.37,2159.64,2171.76,2147.52,367068.0
2024-06-07,2157.22,2134.8,2164.49,2125.71,454833.0
2024-06-11,2129.95,2114.2,2137.22,2108.74,382245.0
2024-06-12,2114.8,2132.38,2136.01,2110.56,376887.0
2024-06-13,2133.59,2123.29,2135.41,2119.04,304712.0
2024-06-14,2121.47,2141.47,2146.31,2111.77,425495.0
2024-06-17,2131.16,2123.89,2136.01,2114.8,276834.0
2024-06-18,2123.29,2094.8,2128.74,2089.96,558746.0
2024-06-19,2097.23,2089.96,2097.23,2076.62,342959.0
2024-06-20,2086.32,2049.36,2090.56,2046.93,618107.0
2024-06-21,2046.33,2057.23,2065.72,2034.21,556100.0
2024-06-24,2049.96,2068.75,2079.05,2046.93,462025.0
2024-06-25,2064.5,2056.63,2082.08,2052.99,435595.0
2024-06-26,2056.02,2069.96,2072.99,2047.54,286384.0
2024-06-27,2063.9,2056.63,2069.96,2050.57,359690.0
2024-06-28,2056.63,2060.87,2080.87,2053.6,371599.0
2024-07-01,2060.87,2068.75,2069.96,2043.9,343130.0
2024-07-02,2064.5,2056.63,2075.41,2055.42,333419.0
2024-07-03,2056.63,2059.05,2066.93,2049.96,260572.0
2024-07-04,2059.05,2046.93,2066.93,2044.51,319705.0
2024-07-05,2046.93,2037.24,2052.39,2020.87,408160.0
2024-07-08,2031.18,2022.09,2032.99,2009.97,463507.0
2024-07-09,2016.03,2009.97,2019.66,1993.6,604088.0
2024-07-10,1998.45,2017.84,2023.3,1993.0,393351.0
2024-07-11,2026.93,2052.39,2060.87,2026.93,431364.0
2024-07-12,2052.39,2040.27,2056.02,2029.96,350505.0
2024-07-15,2040.27,2039.66,2048.14,2031.78,257436.0
2024-07-16,2034.81,2042.69,2049.36,2029.36,304607.0
2024-07-17,2042.69,2070.56,2072.99,2032.99,523264.0
2024-07-18,2064.5,2083.29,2085.71,2059.05,380490.0
2024-07-19,2078.44,2094.8,2105.71,2068.14,472596.0
2024-07-22,2095.41,2076.62,2104.5,2072.38,371478.0
2024-07-23,2079.65,2035.42,2080.87,2035.42,408557.0
2024-07-24,2033.6,2013.0,2037.24,2006.94,408648.0
2024-07-25,2006.94,2012.39,2020.87,2006.94,341173.0
2024-07-26,2014.21,2014.81,2020.87,2004.51,361889.0
2024-07-29,2014.81,1994.21,2016.03,1994.21,388027.0
2024-07-30,1988.76,1973.61,1988.76,1963.91,506379.0
2024-07-31,1967.55,2015.42,2015.42,1965.12,675260.0
2024-08-01,2009.97,1979.67,2011.18,1979.67,521042.0
2024-08-02,1969.97,1976.03,1982.09,1968.15,291611.0
2024-08-05,1968.76,1968.76,1995.42,1960.28,465730.0
2024-08-06,1974.21,1968.15,1981.49,1957.25,417170.0
2024-08-07,1966.94,1956.03,1966.94,1955.43,399835.0
2024-08-08,1949.97,1973.0,1976.64,1935.43,506491.0
2024-08-09,1974.21,1960.88,1983.91,1960.28,254854.0
2024-08-12,1959.06,1970.58,1975.43,1957.85,235957.0
2024-08-13,1971.18,1954.82,1974.21,1947.55,295409.0
2024-08-14,1952.4,1939.67,1954.22,1938.46,264300.0
2024-08-15,1937.25,1953.0,1958.46,1931.79,316408.0
2024-08-16,1949.37,1951.19,1957.25,1945.73,206416.0
2024-08-19,1949.37,1943.91,1975.43,1942.1,370658.0
2024-08-20,1946.34,1921.49,1947.55,1914.22,447515.0
2024-08-21,1920.28,1912.4,1923.31,1911.19,253674.0
2024-08-22,1919.07,1890.59,1925.73,1888.77,452320.0
2024-08-23,1885.74,1900.28,1905.74,1883.32,329227.0
2024-08-26,1899.68,1879.07,1903.31,1874.23,387365.0
2024-08-27,1878.47,1866.95,1881.5,1859.08,328857.0
2024-08-28,1864.53,1843.32,1869.98,1831.81,495998.0
2024-08-29,1831.81,1880.89,1883.92,1830.59,530974.0
2024-08-30,1803.93,1866.35,1881.5,1796.66,1552605.0
2024-09-02,1849.38,1806.36,1853.02,1800.9,973302.0
2024-09-03,1806.96,1840.9,1844.53,1799.69,760375.0
2024-09-04,1837.26,1838.47,1846.96,1823.93,361875.0
2024-09-05,1835.44,1859.68,1862.71,1835.44,395707.0
2024-09-06,1859.68,1843.93,1868.17,1843.93,259590.0
2024-09-09,1849.38,1832.41,1862.11,1826.96,373112.0
2024-09-10,1831.81,1825.14,1839.08,1817.87,298108.0
2024-09-11,1820.9,1842.11,1845.74,1809.99,324734.0
2024-09-12,1840.29,1819.69,1848.77,1817.87,339970.0
2024-09-13,1814.84,1802.11,1819.08,1786.96,435291.0
2024-09-18,1797.87,1789.99,1803.33,1783.33,354342.0
2024-09-19,1794.24,1830.59,1844.53,1775.45,728523.0
2024-09-20,1828.17,1826.96,1834.23,1813.63,376873.0
2024-09-23,1826.96,1821.5,1851.2,1818.48,358479.0
2024-09-24,1846.35,1903.92,1906.34,1829.99,1114739.0
2024-09-25,1931.19,1920.89,1952.4,1918.46,989514.0
2024-09-26,1931.19,2041.48,2045.11,1922.1,1545433.0
2024-09-27,2120.86,2167.52,2179.64,2111.17,1615216.0
2024-09-30,2243.27,2256.6,2287.51,2188.73,2541173.0
2024-10-08,2431.73,2249.94,2431.73,2203.28,2820994.0
2024-10-09,2222.06,2102.68,2222.06,2102.68,1710975.0
2024-10-10,2106.92,2168.73,2220.85,2106.92,1406257.0
2024-10-11,2169.34,2152.37,2196.0,2131.16,837167.0
2024-10-14,2150.55,2152.98,2160.86,2107.53,864515.0
2024-10-15,2143.28,2100.86,2151.77,2100.86,663053.0
2024-10-16,2082.08,2079.65,2102.08,2071.17,464366.0
2024-10-17,2090.56,2041.48,2090.56,2041.48,589595.0
2024-10-18,2039.05,2094.8,2120.86,2026.93,911646.0
2024-10-21,2099.65,2083.29,2111.77,2071.17,687126.0
2024-10-22,2080.87,2107.53,2121.47,2077.84,607181.0
2024-10-23,2111.17,2131.77,2150.55,2097.83,691592.0
2024-10-24,2123.29,2102.08,2130.56,2094.8,387221.0
2024-10-25,2097.83,2111.77,2128.13,2094.8,390399.0
2024-10-28,2114.8,2138.44,2143.89,2103.89,521720.0
2024-10-29,2150.55,2102.08,2165.1,2100.86,620250.0
2024-10-30,2099.05,2097.23,2114.8,2088.14,406940.0
2024-10-31,2146.31,2186.31,2200.25,2146.31,1642948.0
2024-11-01,2177.82,2209.94,2222.06,2171.16,1078804.0
2024-11-04,2216.61,2242.06,2243.88,2207.52,806829.0
2024-11-05,2228.12,2256.6,2257.81,2224.49,771611.0
2024-11-06,2254.18,2246.3,2267.51,2229.33,645772.0
2024-11-07,2243.88,2325.08,2325.08,2238.42,1129917.0
2024-11-08,2332.96,2320.84,2341.44,2293.57,803483.0
2024-11-11,2289.33,2313.56,2318.41,2269.93,608348.0
2024-11-12,2306.9,2300.84,2342.05,2291.75,593732.0
2024-11-13,2294.78,2313.56,2328.11,2282.66,525447.0
2024-11-14,2307.5,2289.33,2322.05,2287.51,440355.0
2024-11-15,2286.9,2269.93,2309.93,2266.3,482750.0
2024-11-18,2269.93,2251.15,2285.69,2243.88,400262.0
2024-11-19,2244.48,2244.48,2265.69,2216.0,415588.0
2024-11-20,2246.3,2254.78,2264.48,2229.94,286531.0
2024-11-21,2246.91,2262.66,2269.33,2246.3,239625.0
2024-11-22,2262.66,2216.0,2264.48,2213.58,292499.0
2024-11-25,2216.0,2205.09,2232.97,2202.06,410986.0
2024-11-26,2208.73,2226.3,2246.3,2202.06,341084.0
2024-11-27,2222.06,2244.48,2251.15,2216.0,302227.0
2024-11-28,2245.09,2222.67,2250.54,2215.4,286014.0
2024-11-29,2225.09,2226.91,2252.36,2217.21,336322.0
2024-12-02,2223.27,2241.45,2263.27,2220.85,439897.0
2024-12-03,2241.45,2268.12,2272.96,2225.09,455113.0
2024-12-04,2261.45,2259.03,2267.51,2241.45,311429.0
2024-12-05,2243.27,2242.66,2257.81,2237.82,268887.0
2024-12-06,2242.66,2266.9,2274.18,2239.03,409298.0
2024-12-09,2265.69,2241.45,2268.12,2226.91,527479.0
2024-12-10,2282.66,2283.87,2319.02,2276.6,807719.0
2024-12-11,2277.81,2299.02,2312.96,2274.78,474343.0
2024-12-12,2297.2,2326.9,2328.71,2286.9,681992.0
2024-12-13,2312.96,2267.51,2312.96,2263.27,832447.0
2024-12-16,2271.75,2264.48,2282.05,2245.69,431344.0
2024-12-17,2257.81,2289.33,2303.87,2248.12,472012.0
2024-12-18,2297.2,2289.33,2305.08,2282.66,280366.0
2024-12-19,2283.87,2274.78,2296.6,2267.51,275581.0
2024-12-20,2281.45,2264.48,2286.3,2260.24,296708.0
2024-12-23,2258.42,2288.72,2300.84,2255.39,439428.0
2024-12-24,2283.27,2319.02,2321.44,2283.27,480188.0
2024-12-25,2319.02,2308.72,2323.26,2302.05,320484.0
2024-12-26,2308.72,2311.14,2315.38,2300.23,272727.0
2024-12-27,2310.53,2322.05,2325.68,2297.81,386791.0
2024-12-30,2312.96,2317.81,2331.14,2306.9,338462.0
2024-12-31,2311.75,2323.87,2352.35,2310.53,677721.0
2025-01-02,2319.02,2286.3,2342.05,2274.18,545480.0
2025-01-03,2282.66,2270.54,2296.6,2264.48,409097.0
2025-01-06,2267.51,2254.78,2275.39,2240.24,379349.0
2025-01-07,2243.27,2245.09,2262.66,2237.21,318904.0
2025-01-08,2249.33,2261.45,2279.63,2225.7,399561.0
2025-01-09,2252.36,2249.94,2279.63,2240.24,289976.0
2025-01-10,2249.94,2223.88,2257.81,2223.88,311666.0
2025-01-13,2218.43,2219.03,2242.66,2207.52,302015.0
2025-01-14,2215.4,2231.15,2249.33,2204.49,375231.0
2025-01-15,2234.18,2219.64,2242.06,2214.79,268841.0
2025-01-16,2226.3,2211.76,2232.97,2205.7,309146.0
2025-01-17,2202.67,2216.0,2226.91,2195.4,247487.0
2025-01-20,2229.33,2179.64,2239.03,2179.64,497796.0
2025-01-21,2181.46,2165.7,2185.1,2137.83,533721.0
2025-01-22,2160.86,2155.4,2167.52,2140.25,376747.0
2025-01-23,2164.49,2165.1,2185.7,2149.34,321698.0
2025-01-24,2160.25,2166.92,2183.88,2155.4,354640.0
2025-01-27,2166.92,2181.46,2194.79,2166.92,478033.0
2025-02-05,2174.79,2122.07,2182.67,2122.07,586418.0
2025-02-06,2121.47,2134.19,2143.89,2119.65,351933.0
2025-02-07,2135.41,2149.95,2163.28,2122.07,421352.0
2025-02-10,2150.55,2139.04,2152.37,2122.07,563164.0
2025-02-11,2140.25,2128.13,2143.89,2123.89,351311.0
2025-02-12,2124.5,2139.65,2143.28,2120.26,328971.0
2025-02-13,2139.65,2161.46,2178.43,2136.01,644816.0
2025-02-14,2158.43,2168.73,2179.64,2155.4,354884.0
2025-02-17,2168.73,2157.22,2170.55,2145.1,471935.0
2025-02-18,2154.8,2146.92,2172.37,2143.89,460178.0
2025-02-19,2149.34,2197.82,2202.67,2147.52,697610.0
2025-02-20,2191.76,2181.46,2202.67,2173.58,363779.0
2025-02-21,2184.49,2172.98,2196.0,2165.1,428323.0
2025-02-24,2172.98,2162.67,2179.64,2157.83,521101.0
2025-02-25,2156.61,2152.98,2160.25,2143.28,402741.0
2025-02-26,2149.95,2157.22,2162.67,2144.5,355945.0
2025-02-27,2160.86,2203.88,2209.34,2156.01,784442.0
2025-02-28,2201.46,2208.73,2243.27,2198.43,725758.0
2025-03-03,2209.94,2185.7,2220.85,2179.64,513234.0
2025-03-04,2179.64,2177.82,2185.1,2165.1,316949.0
2025-03-05,2177.22,2179.04,2187.52,2162.67,366172.0
2025-03-06,2180.85,2191.16,2196.61,2168.13,439776.0
2025-03-07,2184.49,2176.61,2190.55,2151.77,680936.0
2025-03-10,2170.55,2153.58,2179.64,2148.74,495881.0
2025-03-11,2143.28,2169.95,2169.95,2140.25,428619.0
2025-03-12,2169.95,2155.4,2179.64,2155.4,329647.0
2025-03-13,2161.46,2154.8,2179.64,2152.98,386422.0
2025-03-14,2185.7,2297.81,2312.35,2185.7,1920894.0
2025-03-17,2312.96,2259.03,2318.41,2247.51,1152615.0
2025-03-18,2261.45,2240.85,2268.72,2235.39,537934.0
2025-03-19,2240.85,2230.54,2249.33,2228.12,403704.0
2025-03-20,2234.79,2211.76,2243.27,2211.15,463459.0
2025-03-21,2212.97,2171.76,2223.88,2171.76,694402.0
2025-03-24,2185.7,2192.37,2216.0,2178.43,499928.0
2025-03-25,2192.97,2214.79,2215.4,2180.25,341808.0
2025-03-26,2205.7,2208.73,2214.79,2202.06,245324.0
2025-03-27,2208.12,2216.61,2225.7,2204.49,304122.0
2025-03-28,2216.0,2205.09,2223.88,2203.28,223557.0
2025-03-31,2198.43,2196.61,2225.09,2189.94,364562.0
2025-04-01,2197.22,2196.0,2206.31,2187.52,285071.0
2025-04-02,2197.82,2182.07,2209.34,2179.64,265934.0
2025-04-03,2173.58,2209.34,2212.97,2173.58,433316.0
2025-04-07,2162.07,2166.92,2226.91,2109.95,1115799.0
2025-04-08,2166.31,2236.0,2236.0,2139.65,1132042.0
2025-04-09,2221.46,2284.48,2287.51,2206.91,1166672.0
2025-04-10,2308.11,2293.57,2308.11,2257.21,808600.0
2025-04-11,2302.66,2267.51,2303.26,2249.94,543512.0
2025-04-14,2259.03,2271.15,2277.21,2247.51,355640.0
2025-04-15,2272.36,2275.39,2300.84,2259.63,414991.0
2025-04-16,2281.45,2294.78,2297.2,2262.06,483612.0
2025-04-17,2282.66,2293.57,2297.81,2265.69,305879.0
2025-04-18,2296.6,2289.33,2296.6,2267.51,270781.0
2025-04-21,2275.99,2257.21,2282.05,2254.78,318455.0
2025-04-22,2253.57,2248.12,2266.9,2247.51,311869.0
2025-04-23,2256.6,2252.36,2262.66,2246.3,239195.0
2025-04-24,2253.57,2260.84,2269.33,2248.12,219212.0
2025-04-25,2256.6,2250.54,2271.15,2246.3,227293.0
2025-04-28,2245.09,2228.12,2249.94,2219.64,305736.0
2025-04-29,2226.91,2239.63,2243.27,2219.64,232171.0
2025-04-30,2285.69,2298.42,2323.87,2274.18,1054811.0
2025-05-06,2308.11,2294.78,2308.72,2279.63,463521.0
2025-05-07,2337.2,2287.51,2339.02,2280.84,403637.0
2025-05-08,2283.87,2285.08,2300.84,2280.84,227675.0
2025-05-09,2285.08,2283.87,2298.42,2282.66,229653.0
2025-05-12,2285.08,2303.26,2306.29,2270.54,334222.0
2025-05-13,2303.26,2297.81,2311.14,2294.17,305082.0
2025-05-14,2293.57,2309.93,2317.2,2283.87,349268.0
2025-05-15,2305.69,2317.2,2326.29,2294.17,377622.0
2025-05-16,2312.96,2312.35,2319.62,2288.11,354646.0
2025-05-19,2306.9,2309.32,2324.47,2300.23,224494.0
2025-05-20,2311.14,2349.32,2365.07,2305.69,500705.0
2025-05-21,2346.29,2337.2,2369.92,2331.14,279729.0
2025-05-22,2334.17,2346.89,2355.38,2329.32,264714.0
2025-05-23,2346.89,2349.32,2379.01,2346.89,387196.0
2025-05-26,2350.53,2360.23,2378.41,2343.86,333623.0
2025-05-27,2361.44,2351.14,2372.35,2351.14,275336.0
2025-05-28,2352.35,2372.35,2377.8,2346.89,286080.0
2025-05-29,2372.35,2337.8,2380.83,2334.77,345046.0
2025-05-30,2337.8,2331.14,2352.35,2327.5,273357.0
2025-06-03,2313.56,2347.5,2352.95,2311.75,342462.0
2025-06-04,2346.29,2348.71,2356.59,2340.83,216490.0
2025-06-05,2351.74,2325.08,2362.04,2322.05,342896.0
2025-06-06,2331.14,2305.69,2332.35,2302.05,429283.0
2025-06-09,2311.75,2314.17,2322.65,2303.87,340779.0
2025-06-10,2320.84,2299.02,2340.83,2296.6,345266.0
2025-06-11,2299.02,2292.36,2307.5,2292.36,276774.0
2025-06-12,2292.96,2278.42,2294.78,2271.75,334925.0
2025-06-13,2277.81,2265.69,2282.05,2253.57,479372.0
2025-06-16,2265.69,2269.33,2282.05,2252.97,347823.0
2025-06-17,2269.93,2269.93,2277.81,2257.21,273613.0
2025-06-18,2274.78,2260.84,2298.42,2260.84,400151.0
2025-06-19,2259.63,2248.12,2268.12,2246.3,258849.0
2025-06-20,2248.12,2260.84,2273.57,2248.12,336376.0
2025-06-23,2252.97,2239.63,2259.03,2229.33,347708.0
2025-06-24,2242.66,2245.69,2259.63,2241.45,372451.0
2025-06-25,2251.15,2251.75,2252.97,2236.6,372866.0
2025-06-26,2252.97,2265.69,2274.18,2250.54,445497.0
2025-06-27,2262.66,2260.84,2280.24,2252.97,342761.0
2025-06-30,2265.09,2258.42,2268.12,2253.57,294849.0
2025-07-01,2257.21,2245.69,2257.21,2241.45,335129.0
2025-07-02,2249.94,2254.18,2260.84,2239.03,467450.0
2025-07-03,2254.18,2250.54,2255.39,2243.88,259288.0
2025-07-04,2249.94,2251.75,2259.63,2244.48,287417.0
2025-07-07,2250.54,2227.51,2251.75,2216.61,534659.0
2025-07-08,2226.3,2234.79,2241.45,2221.46,312889.0
2025-07-09,2234.79,2246.91,2265.09,2232.36,482633.0
2025-07-10,2246.91,2245.09,2263.27,2243.88,373410.0
2025-07-11,2245.69,2246.91,2262.66,2245.09,467556.0
2025-07-14,2247.51,2234.79,2249.33,2231.76,449659.0
2025-07-15,2234.79,2228.12,2242.06,2220.85,364970.0
2025-07-16,2228.73,2236.6,2246.3,2228.12,337587.0
2025-07-17,2237.82,2271.75,2275.39,2236.0,597873.0
2025-07-18,2272.96,2269.93,2279.63,2258.42,335659.0
2025-07-21,2270.54,2277.21,2278.42,2264.48,319425.0
2025-07-22,2279.02,2288.11,2291.14,2272.96,386783.0
2025-07-23,2291.14,2283.27,2298.42,2280.84,356905.0
2025-07-24,2283.27,2280.24,2286.3,2273.57,360051.0
2025-07-25,2277.81,2255.39,2277.81,2254.18,443334.0
2025-07-28,2256.0,2249.33,2262.66,2245.69,413145.0
2025-07-29,2277.81,2236.6,2289.33,2229.94,1188985.0
2025-07-30,2228.73,2258.42,2268.12,2228.12,781535.0
2025-07-31,2254.78,2229.94,2254.78,2228.12,528617.0
2025-08-01,2229.33,2236.0,2238.42,2228.73,347354.0
2025-08-04,2228.73,2234.18,2234.79,2223.88,302353.0
2025-08-05,2235.39,2238.42,2238.42,2226.91,331782.0
2025-08-06,2238.42,2239.63,2246.91,2234.18,301320.0
2025-08-07,2240.85,2239.63,2242.66,2232.97,303773.0
2025-08-08,2238.42,2223.27,2238.42,2218.43,415787.0
2025-08-11,2223.88,2239.63,2241.45,2220.85,392241.0
2025-08-12,2239.63,2233.57,2248.72,2232.97,312211.0
2025-08-13,2236.6,2234.18,2246.3,2230.54,435683.0
2025-08-14,2235.39,2217.21,2239.63,2217.21,560989.0
2025-08-15,2217.21,2214.79,2225.7,2204.49,593254.0
2025-08-18,2216.61,2217.21,2238.42,2216.61,766026.0
2025-08-19,2226.3,2217.82,2240.85,2217.21,772283.0
2025-08-20,2217.82,2232.97,2236.0,2207.52,648817.0
2025-08-21,2234.18,2243.88,2253.57,2229.33,699106.0
2025-08-22,2246.3,2246.91,2247.51,2235.39,511270.0
2025-08-25,2251.15,2275.99,2276.6,2249.94,888165.0
2025-08-26,2271.15,2285.69,2299.02,2266.9,712899.0
2025-08-27,2285.69,2254.18,2287.51,2254.18,703930.0
2025-08-28,2252.97,2246.91,2265.69,2230.54,563424.0
2025-08-29,2302.05,2300.23,2356.59,2300.23,2112945.0
2025-09-01,2299.02,2282.05,2321.44,2279.02,1054003.0
2025-09-02,2286.9,2281.45,2306.9,2277.81,678059.0
2025-09-03,2292.36,2260.24,2299.02,2250.54,733051.0
2025-09-04,2260.24,2275.39,2282.66,2253.57,946315.0
2025-09-05,2275.99,2276.6,2280.24,2254.78,551550.0
2025-09-08,2273.57,2278.42,2295.39,2265.69,826356.0
2025-09-09,2279.63,2299.63,2301.45,2272.96,732602.0
2025-09-10,2295.39,2291.75,2300.84,2275.39,622490.0
2025-09-11,2288.72,2309.32,2311.14,2288.11,607933.0
2025-09-12,2310.53,2280.84,2322.05,2274.78,784848.0
2025-09-15,2277.81,2279.63,2297.2,2271.75,591253.0
2025-09-16,2280.84,2270.54,2284.48,2256.0,708254.0
2025-09-17,2274.18,2270.54,2288.72,2263.27,483243.0
2025-09-18,2270.54,2251.15,2273.57,2245.09,623235.0
2025-09-19,2249.33,2247.51,2257.81,2240.24,433942.0
2025-09-22,2247.51,2238.42,2252.97,2231.76,388685.0
2025-09-23,2238.42,2228.12,2242.66,2217.82,449805.0
2025-09-24,2223.27,2229.94,2235.39,2220.85,345352.0
2025-09-25,2230.54,2203.28,2231.15,2200.25,764025.0
2025-09-26,2200.25,2220.85,2223.88,2192.97,638754.0
2025-09-29,2220.85,2216.61,2226.3,2199.03,576591.0
2025-09-30,2216.61,2222.06,2231.15,2204.49,505276.0
2025-10-09,2214.79,2243.27,2243.27,2197.82,711508.0
2025-10-10,2237.82,2250.54,2271.15,2232.97,588453.0
2025-10-13,2237.21,2238.42,2247.51,2228.73,514529.0
2025-10-14,2240.85,2246.91,2253.57,2226.91,584776.0
2025-10-15,2246.91,2244.48,2252.97,2237.21,410816.0
2025-10-16,2245.09,2254.18,2262.66,2242.06,368502.0
2025-10-17,2254.18,2226.3,2263.27,2223.88,429520.0
2025-10-20,2229.33,2233.57,2243.27,2227.51,334886.0
2025-10-21,2233.57,2229.94,2238.42,2227.51,321258.0
2025-10-22,2228.12,2220.24,2232.97,2220.24,275168.0
2025-10-23,2220.24,2227.51,2230.54,2212.97,293717.0
2025-10-24,2227.51,2222.06,2235.39,2217.82,329616.0
2025-10-27,2223.27,2229.94,2235.39,2222.06,378477.0
2025-10-28,2230.54,2221.46,2234.18,2219.03,305259.0
2025-10-29,2225.7,2216.0,2225.7,2211.76,363189.0
2025-10-30,2214.18,2226.91,2238.42,2212.37,621166.0
2025-10-31,2233.57,2229.94,2242.06,2223.27,552298.0
2025-11-03,2229.94,2232.36,2237.82,2219.03,428367.0
2025-11-04,2230.54,2209.34,2230.54,2208.12,606486.0
2025-11-05,2205.7,2220.24,2224.49,2201.46,449646.0
2025-11-06,2217.21,2218.43,2228.12,2212.97,314692.0
2025-11-07,2218.43,2222.67,2224.49,2215.4,260677.0
2025-11-10,2223.27,2282.05,2286.9,2222.67,1176003.0
2025-11-11,2282.66,2286.9,2292.96,2270.54,718208.0
2025-11-12,2284.48,2294.78,2311.14,2284.48,703551.0
2025-11-13,2292.96,2300.84,2302.05,2278.42,510241.0
2025-11-14,2300.23,2286.9,2315.99,2286.9,409201.0
2025-11-17,2286.3,2300.23,2303.26,2272.96,374675.0
2025-11-18,2312.35,2357.8,2361.44,2312.35,1303326.0
2025-11-19,2362.04,2361.44,2373.56,2349.92,630427.0
2025-11-20,2360.23,2350.53,2372.95,2348.11,472372.0
2025-11-21,2339.02,2332.35,2359.62,2326.29,599021.0
2025-11-24,2347.5,2320.84,2349.92,2319.02,447781.0
2025-11-25,2321.44,2335.99,2342.05,2311.14,407639.0
2025-11-26,2332.35,2337.2,2347.5,2319.02,287149.0
2025-11-27,2338.41,2329.32,2339.02,2321.44,223026.0
2025-11-28,2329.32,2349.32,2354.17,2324.47,357201.0
2025-12-01,2350.53,2352.35,2360.23,2331.14,379120.0
2025-12-02,2354.77,2347.5,2356.59,2339.02,244418.0
2025-12-03,2344.47,2342.65,2352.35,2332.96,263715.0
2025-12-04,2337.2,2325.68,2343.26,2322.65,270942.0
2025-12-05,2325.68,2321.44,2335.99,2314.17,263630.0
2025-12-08,2323.26,2316.59,2335.38,2309.93,331707.0
2025-12-09,2324.47,2311.75,2329.32,2304.48,318508.0
2025-12-10,2308.11,2299.63,2317.2,2293.57,260076.0
2025-12-11,2299.02,2289.33,2303.26,2287.51,266283.0
2025-12-12,2298.42,2308.11,2311.75,2285.69,488631.0
2025-12-15,2308.11,2315.99,2327.5,2305.08,331268.0
2025-12-16,2320.23,2323.26,2334.77,2312.35,446640.0
2025-12-17,2329.93,2346.29,2360.83,2317.81,457886.0
2025-12-18,2346.29,2353.56,2360.83,2335.99,278826.0
2025-12-19,2343.26,2366.29,2369.92,2341.44,357629.0
2025-12-22,2358.41,2361.44,2374.77,2351.14,401873.0
2025-12-23,2374.16,2351.14,2385.68,2343.86,427338.0
2025-12-24,2343.86,2348.11,2354.77,2337.2,296213.0
2025-12-25,2349.32,2367.5,2373.56,2345.08,331842.0
2025-12-26,2371.13,2361.44,2376.59,2351.14,291280.0
2025-12-29,2360.83,2347.5,2362.04,2335.38,379126.0
2025-12-30,2340.83,2336.59,2349.32,2331.74,390498.0
2025-12-31,2341.44,2331.14,2348.11,2328.71,266727.0
2026-01-05,2331.14,2331.74,2349.92,2328.11,496361.0
2026-01-06,2328.11,2332.35,2336.59,2307.5,495810.0
2026-01-07,2334.17,2320.23,2342.05,2317.81,409209.0
2026-01-08,2288.72,2249.94,2288.72,2240.85,1635152.0
2026-01-09,2246.91,2275.39,2276.6,2246.3,872359.0
2026-01-12,2275.39,2279.02,2281.45,2259.03,610974.0
2026-01-13,2279.02,2266.3,2300.23,2260.84,557667.0
2026-01-14,2265.09,2258.42,2274.18,2255.39,614522.0
2026-01-15,2258.42,2247.51,2269.33,2245.09,483086.0
2026-01-16,2254.78,2232.36,2254.78,2229.33,588316.0
2026-01-19,2234.18,2239.63,2245.09,2231.76,458355.0
2026-01-20,2241.45,2245.09,2249.94,2231.15,480489.0
2026-01-21,2249.33,2224.49,2249.33,2220.24,719789.0
2026-01-22,2224.49,2222.67,2237.82,2218.43,538627.0
2026-01-23,2222.67,2223.27,2233.57,2219.03,656850.0
2026-01-26,2223.88,2214.79,2232.97,2205.09,760417.0
2026-01-27,2215.4,2196.0,2220.85,2196.0,678267.0
2026-01-28,2199.64,2182.07,2202.67,2178.43,816136.0
2026-01-29,2179.64,2223.88,2224.49,2161.46,1458164.0
2026-01-30,2216.0,2194.19,2222.06,2193.58,777337.0
2026-02-02,2214.18,2200.85,2224.49,2195.4,741014.0
2026-02-03,2199.03,2209.94,2217.82,2196.0,571566.0
2026-02-04,2212.37,2234.79,2236.6,2210.55,609688.0
2026-02-05,2240.24,2246.91,2255.39,2231.15,675579.0
2026-02-06,2248.72,2239.03,2263.27,2234.18,567769.0
2026-02-09,2234.18,2239.03,2251.15,2232.97,431553.0
2026-02-10,2236.0,2219.03,2236.0,2212.37,564765.0
2026-02-11,2222.06,2226.3,2232.97,2215.4,366052.0
2026-02-12,2224.49,2210.55,2225.7,2207.52,344480.0
2026-02-13,2216.0,2202.67,2216.0,2201.46,334695.0
2026-02-24,2210.55,2196.0,2211.76,2183.28,435220.0
2026-02-25,2196.0,2191.76,2212.97,2186.91,484889.0
2026-02-26,2192.37,2180.85,2194.79,2178.43,444623.0
2026-02-27,2181.46,2178.43,2189.34,2174.19,395340.0
2026-03-02,2170.55,2173.58,2182.07,2152.98,577906.0
2026-03-03,2173.58,2169.34,2189.34,2160.25,552892.0
2026-03-04,2162.07,2150.55,2164.49,2140.25,525142.0
2026-03-05,2154.8,2153.58,2176.01,2149.95,354657.0
2026-03-06,2150.55,2186.31,2190.55,2148.13,548649.0
2026-03-09,2176.01,2190.55,2197.82,2164.49,578505.0
2026-03-10,2190.55,2197.82,2206.31,2188.73,485924.0
2026-03-11,2201.46,2200.25,2201.46,2187.52,301539.0
2026-03-12,2199.64,2216.61,2219.64,2190.55,532050.0
2026-03-13,2216.61,2216.61,2230.54,2210.55,494171.0
2026-03-16,2216.61,2224.49,2231.15,2212.97,388305.0
2026-03-17,2224.49,2226.3,2237.21,2216.61,516426.0
2026-03-18,2236.0,2214.79,2237.21,2204.49,453639.0
2026-03-19,2213.58,2200.25,2224.49,2197.82,368799.0
2026-03-20,2200.85,2197.22,2216.61,2197.22,348564.0
2026-03-23,2185.7,2142.68,2187.52,2134.19,640462.0
2026-03-24,2149.34,2155.4,2157.22,2137.83,389077.0
2026-03-25,2163.28,2166.31,2171.76,2157.22,264520.0
2026-03-26,2162.07,2170.55,2188.73,2161.46,290238.0
2026-03-27,2163.28,2183.28,2187.52,2162.07,266420.0
2026-03-30,2171.76,2197.82,2202.06,2169.34,319602.0
2026-03-31,2202.67,2194.79,2217.82,2192.97,259877.0
2026-04-01,2208.73,2193.58,2208.73,2184.49,291632.0
2026-04-02,2192.37,2199.64,2203.88,2187.52,247444.0
2026-04-03,2196.61,2192.37,2199.64,2182.67,223321.0
2026-04-07,2192.37,2193.58,2199.03,2178.43,268232.0
2026-04-08,2196.61,2200.25,2206.91,2192.97,437845.0
2026-04-09,2194.79,2180.85,2195.4,2174.79,262384.0
2026-04-10,2188.73,2182.07,2202.67,2179.64,280611.0
2026-04-13,2179.04,2171.16,2179.64,2163.89,302057.0
2026-04-14,2174.19,2172.98,2188.13,2166.31,235529.0
2026-04-15,2171.76,2154.8,2177.82,2154.8,479382.0
2026-04-16,2155.4,2149.34,2157.22,2146.92,465139.0
2026-04-17,2148.74,2136.62,2149.34,2132.38,503404.0
2026-04-20,2134.19,2143.89,2147.52,2129.95,397332.0
2026-04-21,2143.28,2146.92,2154.8,2138.44,322193.0
2026-04-22,2148.13,2130.56,2148.13,2129.95,444459.0
2026-04-23,2131.16,2129.35,2139.04,2120.86,407312.0
2026-04-24,2126.92,2128.13,2136.62,2122.07,389218.0
2026-04-27,2127.53,2128.13,2139.65,2122.07,432064.0
2026-04-28,2125.71,2142.68,2160.86,2123.89,817283.0
2026-04-29,2146.31,2208.12,2209.34,2143.28,1261715.0
2026-04-30,2264.48,2262.06,2294.17,2240.85,2144097.0
2026-05-06,2261.45,2261.45,2263.87,2234.79,1051343.0
2026-05-07,2260.84,2266.3,2284.48,2251.15,708830.0
2026-05-08,2266.3,2265.69,2279.02,2257.81,569715.0
2026-05-11,2276.6,2298.42,2306.9,2256.0,895349.0
2026-05-12,2294.78,2295.39,2319.02,2288.11,739490.0
2026-05-13,2302.66,2288.72,2308.11,2274.18,616711.0
2026-05-14,2284.48,2281.45,2292.96,2268.12,505210.0
2026-05-15,2280.84,2271.15,2294.17,2263.87,483372.0
