报告日,资产,货币资金,客户资金存款,结算备付金,客户备付金,拆出资金,融出资金,融出证券,交易性金融资产,买入返售金融资产,应收票据及应收账款,应收账款,应收票据,应收款项融资,预付账款,应收股利,应收利息,应收保证金,应收投资款项,其他应收款,存货净额,待转承销费用,衍生金融资产,可供出售金融资产,划分为持有待售的资产,长期股权投资,投资性房地产,债权投资,其他债权投资,其他权益工具投资,以公允价值计量且其变动计入其他综合收益的金融资产,以摊余成本计量的金融资产,固定资产原值,累计折旧,固定资产净值,固定资产减值准备,固定资产净额,在建工程,固定资产清理,固定资产合计,合同资产,使用权资产,无形资产,商誉,开发支出,交易席位费,长期待摊费用,递延税款借项,其他长期资产,资产总计,负债,短期借款,质押借款,应付短期融资款,拆入资金,交易性金融负债,衍生金融负债,卖出回购金融资产款,应付票据及应付账款,应付账款,预收账款,应付职工薪酬,应交税金,应付股利,应付利息,其他应付款,代买卖证券款,代理承销证券款,代兑付证券款,信用交易代理买卖证券款,预提费用,预计负债,划分为持有待售的负债,长期递延收益,长期借款,应付债券款,应付债券：优先股,应付债券：永续债,长期应付职工薪酬,长期应付款,专项应付款,合同负债,租赁负债,递延税款贷项,其他负债,负债合计,股东权益,实收资本净额,其他权益工具,其中：优先股,其中：永续债,资本公积,库存股,其他综合收益,专项储备,盈余公积,一般风险准备,交易风险准备,未分配利润,外币折算差额,归属于母公司的股东权益合计,少数股东权益,所有者权益合计,负债及股东权益总计,数据源,是否审计,公告日期,币种,类型,更新日期
20260331,,29978543150.48,24544145893.81,4112778399.71,2935367024.08,,16618169389.13,,37413242761.74,1424661070.54,594650807.09,594650807.09,,,,,,4779620118.41,,,,,,,,403098488.16,,,20228464743.56,9601234994.8,,,,,,,88059603.53,,,88059603.53,,311389835.91,109241681.69,1005972.76,,,,1129585.02,246746521.09,125912037123.62,,913122454.59,,,21279460862.01,883146083.99,,16764536566.48,109242526.14,109242526.14,,323659484.71,180907448.4,,,,31136755787.28,,,,,55009340.1,,,,21697455416.84,,,,,,4964158.77,280852195.25,314454479.15,2080109972.86,96023676776.57,,3243000000.0,7000000000.0,,7000000000.0,4004835843.78,,1512751779.58,,1376030370.3,3124436106.7,,8941459871.86,,29202513972.22,685846374.83,29888360347.05,125912037123.62,定期报告,未审计,20260430,CNY,合并期末,2026-04-29T19:32:04
20251231,,26760323675.95,23093498629.29,3826180422.16,3053994912.61,,16726893210.69,,42355410074.58,1562199784.62,349292110.17,349292110.17,,,,,,4270356416.86,,,,,108603361.96,,,400536016.06,,,23705573135.54,8877389537.77,,,385516678.68,291949667.58,93567011.1,,93567011.1,,,93567011.1,,337978017.1,113726162.77,1005972.76,,,,1086402.02,460697545.59,129950818857.7,,966862633.42,,,25531403587.52,25301.36,1507004.34,20240349189.62,128352412.84,128352412.84,,172459522.84,154473129.0,,,,28787716281.2,,,,,55391040.1,,,,22654047214.45,,,,,,4860513.26,331108705.8,99500329.08,2069488210.73,101197545075.56,,3243000000.0,7000000000.0,,7000000000.0,4004898107.93,,862570802.35,,1376030370.3,3124436106.7,,8459456732.52,,28070392119.8,682881662.34,28753273782.14,129950818857.7,定期报告,是,20260430,CNY,合并期末,2026-03-30T19:36:05
20250930,,24302094445.54,21174597997.21,4029505401.55,3271953282.33,,16254951610.89,,49181685000.5,1518615827.53,632739926.45,632739926.45,,,,,,3665617433.14,,,,,,,,410393628.67,,,19396306521.08,7918618705.46,,,,,,,94589094.35,,,94589094.35,,327576245.24,111222981.26,1005972.76,,,,2014105.97,404036953.16,128250973853.55,,889892528.25,,3002445205.38,22986368958.74,3044752.57,,25783084502.29,92890511.08,92890511.08,,514671912.17,53096408.87,,,,26988118781.88,,,,,851346.3,,,,19224265787.96,,,,,,5852440.6,284578199.07,22187063.46,1178130798.47,101029479197.09,,3243000000.0,6000000000.0,,6000000000.0,4007898107.93,,658756827.89,,1313336636.66,2976429316.84,,8166324717.57,,26365745606.89,855749049.57,27221494656.46,128250973853.55,定期报告,未审计,20251029,CNY,合并期末,2025-10-28T17:58:06
20250630,,22125608902.53,19300820248.61,3963740749.95,2931769703.94,,13137672318.81,,46419581566.51,1271536580.64,401365992.38,401365992.38,,,,,,2897325646.42,,,,,20733091.97,,,470696169.76,,,21760629320.95,7814393962.22,,,406266182.92,306369412.14,99896770.78,,99896770.78,,,99896770.78,,356190679.6,117818708.2,1005972.76,,,,7443507.23,633473293.79,121499113234.5,,902365981.09,,1606410959.06,23826582885.04,401634865.76,,25436951802.37,104261265.61,104261265.61,,215072864.27,71640762.39,,,,23874308279.55,,,,,851346.3,,,,18152350135.39,,,,,,5225786.17,355328415.75,117324699.92,1041045057.12,96111355105.79,,3243000000.0,4500000000.0,,4500000000.0,4012148107.93,,666342772.01,,1313336636.66,2976429316.84,,8045160813.89,,24756417647.33,631340481.38,25387758128.71,121499113234.5,定期报告,未审计,20250828,CNY,合并期末,2025-08-27T19:24:04
20250331,,19407888242.98,15761744132.17,3460314477.34,3307359613.13,,13229542267.87,,39047884974.27,807778148.37,466022672.1,466022672.1,,,,,,3194247837.53,,,,,,,,472104068.8,,,18310623374.92,3197759108.68,,,,,,,105325786.48,,,105325786.48,,362534058.74,122776219.96,1005972.76,,,,3932736.02,285835037.67,102475574984.49,,666601734.7,,4004865479.41,15746539803.56,278608.0,,20729630552.88,96664307.92,96664307.92,,587493245.83,36609641.89,,,,21065081798.99,,,,,851346.3,,,,14132693685.21,,,,,,5013522.02,353916805.57,20557449.14,806672689.07,78253470670.49,,3243000000.0,4500000000.0,,4500000000.0,4012148107.93,,198190019.37,,1212415228.4,2756178468.31,,7678692565.7,,23600624389.71,621479924.29,24222104314.0,102475574984.49,定期报告,未审计,20250425,CNY,合并期末,2025-04-24T17:26:04
20241231,,22137616445.64,18862654413.74,4664059490.94,3542394589.5,,12569953612.89,,34463308851.01,541990835.27,361946635.63,361946635.63,,,,,,2612346062.45,,,,,21323254.84,,,465834947.47,,,25802019850.0,2178598788.59,,,409614730.64,304035333.85,105579396.79,,105579396.79,,,105579396.79,,350035464.42,129790553.07,1005972.76,,,,4002274.85,492991940.92,106902404377.54,,616629822.07,,2814073219.36,15853017274.13,293742.48,18624487.99,19749457500.35,96957578.81,96957578.81,,214407822.42,54187047.06,,,,23719195176.4,,,,,851346.3,,,,18182342935.59,,,,,,3032389.94,342439519.15,37704193.06,757835024.4,82461049079.51,,3243000000.0,4500000000.0,,4500000000.0,4012148107.93,,611172566.72,,1212415228.4,2756178468.31,,7473897386.94,,23808811758.3,632543539.73,24441355298.03,106902404377.54,定期报告,是,20260331,CNY,合并期末,2025-03-25T18:22:04
20240930,,20755800133.75,13749147902.85,2342784839.89,1829768532.38,,9987111955.89,,33053625365.1,230936522.99,769450921.15,769450921.15,,,,,,2558640499.56,,,,,,,,463319641.86,,,14013852094.18,530252.52,,,,,,,100833184.9,,,100833184.9,,375783694.75,120892547.24,1005972.76,,,,181268614.32,218183213.32,85174019454.18,,646761047.37,,1394710013.4,13143432128.68,610919502.53,2984367.44,12846704935.41,113823886.31,113823886.31,,480481924.7,51575094.2,,,,21998353207.32,,,,,851346.3,,,,11481563092.75,,,,,,3729559.76,354357382.48,263960.56,1095798176.26,64226309625.47,,3243000000.0,2000000000.0,,2000000000.0,4013327353.21,,139176199.28,,1148100815.38,2605100245.99,,7211208463.84,,20359913077.7,587796751.01,20947709828.71,85174019454.18,定期报告,未审计,20241031,CNY,合并期末,2024-10-30T16:12:03
20240630,,17118180057.82,14149240231.31,3078352629.24,2414985081.72,,10250505391.0,,27929827616.58,2719139087.13,289011109.28,289011109.28,,,,,,2443861369.49,,,,,144920.0,,,467230920.58,,,11874152035.87,118833940.55,,,399446749.33,303404207.89,96042541.44,,96042541.44,,,96042541.44,,410867184.15,127865598.95,1005972.76,,,,199956349.55,265055266.52,77390031990.91,,572846326.05,,1407646026.6,14019955068.06,51232.87,23421744.32,12189676284.36,118808214.86,118808214.86,,495000670.11,32859637.39,,,,17985941546.09,,,,,1035770.79,,,,10401206558.64,,,,,,9120000.0,409659774.51,13710437.29,813202464.05,58494141755.99,,3243000000.0,,,,4016100938.11,,218205318.09,,1148100815.38,2605100245.99,,7075362568.46,,18305869886.03,590020348.89,18895890234.92,77390031990.91,定期报告,未审计,20240828,CNY,合并期末,2024-08-27T20:02:03
20240331,,17449882993.47,13749147902.85,2366185891.1,1829768532.38,,10710316278.02,,28336408126.13,698662918.93,596436775.86,596436775.86,,,,,,2593936740.02,,,,,,,,450909310.1,,,11516787011.58,185962537.89,,,,,,,98627947.37,,,98627947.37,,433388574.98,130997077.17,1005972.76,,,,254458519.46,213459086.61,76037425761.45,,416684529.97,,3118495372.06,10384139972.89,64332949.84,6734741.94,11627352525.36,92478849.84,92478849.84,,833333453.02,-45544521.74,,,,17479427218.65,,,,,2477319.21,,,,12430206702.41,,,,,,8385849.03,408390916.01,762125.84,689493369.75,57517151374.08,,3243000000.0,,,,4016100938.11,,147453900.96,,1089788131.69,2466736773.22,,6972250826.55,,17935330570.53,584943816.84,18520274387.37,76037425761.45,定期报告,未审计,20240427,CNY,合并期末,2024-04-26T17:02:03
20231231,,16745457705.69,13556647335.51,2729164341.33,2029736771.05,,11067285032.6,,29161860002.86,188267420.24,406030897.84,406030897.84,,,,,,2622023791.43,,,,,312180.0,,,448893756.58,,,13075048496.44,336139328.18,,,399738683.11,295092318.47,104646364.64,,104646364.64,,,104646364.64,,451898421.56,138289408.98,1005972.76,,,,196497149.85,250951774.42,77923772045.4,,351054155.09,,4669264050.82,13828947258.16,6848399.69,15286490.87,11802606809.76,105919832.32,105919832.32,,567628322.8,67445422.27,,,,17264793099.59,,,,,2477319.21,,,,9645949144.57,,,,,,9113207.53,442850573.03,263960.56,803504342.15,59583952388.42,,3243000000.0,,,,4016100938.11,,132420373.47,,1089788131.69,2466736773.22,,6810946084.86,,17758992301.35,580827355.63,18339819656.98,77923772045.4,定期报告,是,20250326,CNY,合并期末,2024-03-26T21:02:03
20230930,,18082068128.2,15713628252.54,2581363955.13,1748847998.54,,10323695145.42,,27526453922.83,230036755.37,562780620.02,562780620.02,,,,,,2904138141.81,,,,,9978117.8,,,449312795.73,,,8768599743.15,337630617.51,,,,,,,101777987.66,,,101777987.66,,164629892.46,119862470.16,1005972.76,,,,337599608.54,248677938.01,72749611812.56,,308984361.02,,2735435746.41,12202763719.42,10681760.46,,8168582253.32,122277710.03,122277710.03,,920613979.92,79339834.8,,,,19842480694.32,,,,,6726245.1,,,,9638117480.16,,,,,,10452830.18,147846098.31,101748.91,692499593.72,54886904056.08,,3243000000.0,,,,4016100938.11,,64560097.93,,1025249198.96,2305185428.39,,6656551587.32,,17310647250.71,552060505.77,17862707756.48,72749611812.56,定期报告,未审计,20231028,CNY,合并期末,2023-10-27T17:42:06
20230630,,19770967500.25,16943763334.95,2897431147.56,2517631674.71,,10156331133.88,,28896431814.88,450264374.0,396509533.46,396509533.46,,,,,,2356157107.85,,,,,11172468.59,,,448164628.33,,,6018676364.86,375156179.01,,,397949712.84,293478619.44,104471093.4,,104471093.4,,,104471093.4,,178149972.29,118477031.19,1005972.76,,,,335558421.16,315384291.38,72830309034.85,,285622067.4,,1236689750.33,9253438033.71,16284117.71,1129297.53,9154437084.4,196287120.7,196287120.7,,947272419.61,89555953.94,,,,20981889380.85,,,,,6726245.1,,,,12155208415.73,,,,,,1300681.98,190046609.49,102446.34,807884501.33,55323874126.15,,3243000000.0,,,,4016100938.11,,72846279.24,,1025249198.96,2305185428.39,,6299388324.52,,16961770169.22,544664739.48,17506434908.7,72830309034.85,定期报告,未审计,20230830,CNY,合并期末,2023-08-29T18:47:02
20230331,,17707585924.19,15798525556.0,2739147938.17,2031090229.0,,10094954715.58,,28379852800.89,286494564.81,375338846.4,375338846.4,,,,,,2908326974.95,,,,,10819217.76,,,429011449.39,,,8122683033.28,522850855.79,,,,,,,104686711.32,,,104686711.32,,208563400.03,124448551.7,1005972.76,,,,357736036.94,295745094.65,72669252088.61,,387876652.44,,150995632.25,4618852278.49,181826326.28,,18294187087.21,280146029.74,280146029.74,,1420042427.49,49952250.15,,,,19293169435.12,,,,,6726245.1,,,,10108736511.41,,,,,,,170386465.2,1622850.2,586070077.24,55550590268.32,,3243000000.0,,,,4016100938.11,,121550842.57,,953197525.25,2134087781.22,,6130872938.06,,16598810025.21,519851795.08,17118661820.29,72669252088.61,定期报告,未审计,20230422,CNY,合并期末,2023-04-21T18:47:02
20221231,,19238129775.7,15854251733.16,2625484618.08,2257519647.99,,9514518937.26,,28121939619.93,172953395.06,390499088.77,390499088.77,,,,,,2334956859.34,,,,,5405004.35,,,430831722.67,,,1599344317.82,65234034.21,,,394052149.03,285883892.46,108168256.57,,108168256.57,,,108168256.57,,185711396.31,129825866.75,1005972.76,,,,364251276.22,462149012.38,65750409154.18,,41828664.49,,730850919.36,7588585244.26,216751261.75,,11842746902.21,157829501.7,157829501.7,,1048139722.4,153419504.17,,,,19624968732.98,,,,,6726245.1,,,296345912.92,9181506921.57,,,,,,2279874.21,191289328.08,164122.92,485530902.27,51568963760.39,,2918700000.0,,,,1759443902.12,,2072693.69,,953197525.25,2134087781.22,,5914975879.0,,13682477781.28,498967612.51,14181445393.79,65750409154.18,定期报告,是,20240327,CNY,合并期末,2023-03-13T21:17:02
20220930,,,,,,,,,,,,,,,,,,,,,,,,,,,,,,,,,,,,,,,,,,,,,,,,,,63256619900.0,,,,,,,,,,,,,,,,,,,,,,,,,,,,,,,,,,,,49611070100.0,,,,,,,,,,,,,,,13197946900.0,,13645549800.0,,招股说明书(申报稿),未审计,20221201,CNY,合并期末,2022-12-02T11:37:05
20220630,,19258156983.38,16054714433.61,3491415810.71,3002748275.29,,9140106710.41,,27685861353.22,126576077.35,454296206.92,454296206.92,,,,,,2225903584.48,,,,,18597194.86,,,415837156.1,,205586098.68,618626689.19,,,,372306976.55,289896961.59,82410014.96,,82410014.96,,,82410014.96,,208455751.09,111028184.44,1005972.76,,,,486917836.98,454070248.0,64984851873.53,,142645692.0,,138253060.85,7105497222.02,691335060.52,,10235047924.45,166570656.61,166570656.61,,1494465961.8,128791557.62,,,,20485344147.93,100000000.0,,,,,,,469328272.0,9591925572.2,,,,,,,220582167.05,1229737.97,642367394.62,51613384427.64,,2918700000.0,,,,1759443902.12,,4175297.55,,893363713.99,1981308913.44,,5403102907.12,,12960094734.22,411372711.67,13371467445.89,64984851873.53,招股说明书/意向书,是,20221216,CNY,合并期末,2022-08-30T13:37:02
20211231,,16641893283.34,13788042421.73,3301575711.95,2790398449.55,,11329132298.52,,26635172895.54,244690331.31,394548615.87,394548615.87,,,,,1349796.16,2202855062.65,,,,,28822425.38,,,421447726.36,,528346260.37,1527612411.78,,,,376115736.96,292123700.06,83992036.9,,83992036.9,,,83992036.9,,190325264.27,121181001.48,1005972.76,,,,433638226.92,573857183.67,64661446505.23,,,,1761799361.03,6905508916.34,371320087.29,,8122577086.59,140352508.67,140352508.67,,1438777306.75,151372145.54,,,,17826231827.94,,,,,,,,448698880.0,13360777854.22,,,,,,6052878.69,189832949.07,61159912.76,1034371837.14,51818833552.03,,2918700000.0,,,,1759443902.12,,-7331946.64,,822874925.46,1808875708.53,,5143168443.37,,12445731032.84,396881920.36,12842612953.2,64661446505.23,定期报告,是,20230314,CNY,合并期末,2022-05-02T10:42:03
20210630,,15853042591.55,12608863723.87,3423395851.74,2792892662.66,,10753484626.91,,19350659594.45,724769062.25,847234381.58,847234381.58,,,,,2293686.57,2186014072.12,,,,,36597628.79,,,419196668.78,,578907444.23,3438828968.12,,,,,,,,80022657.84,,,80022657.84,,243784913.4,109328867.52,1005972.76,,,,462162898.79,1142723290.09,59653453177.49,,461804400.0,,1985401297.91,3004022083.56,307896039.62,,10475660502.32,130561878.38,130561878.38,,1116086301.94,102606824.8,,,,16863223615.84,,,,,,,,456645504.0,10760074492.19,,,,,,,251302005.78,34339890.54,1667525584.55,47617150421.43,,2918700000.0,,,,1759443902.12,,-46103007.96,,768711674.46,1670731540.65,,4592705366.21,,11664189475.48,372113280.58,12036302756.06,59653453177.49,定期报告,是,20210830,CNY,合并期末,2021-08-31T00:47:02
20210331,,14076388859.18,,2903925216.13,,,10082949856.76,,10893522554.34,844369104.73,710217028.31,710217028.31,,,,,9893007.8,2342633364.89,,,,,,,,413263774.03,,786868447.47,3629658011.91,,,,,,,,81263978.5,,,81263978.5,,226915773.33,110727144.9,1005972.78,,,,476819353.38,641584843.74,48232006292.18,,322148509.9,,1352715917.14,1501677778.02,187060387.41,61494732.36,2854207358.26,377862023.59,377862023.59,,1149311831.53,40715417.22,,,,16117797846.79,,,,,,,,463834784.0,10660530597.03,,,,,,,224624286.0,12158081.72,1210236509.41,36536376060.38,,2918700000.0,,,,1759443902.12,,-51720886.67,,720259467.78,1557039902.34,,4414955720.81,,11318678106.38,376952125.42,11695630231.8,48232006292.18,募集说明书,未审计,20210729,CNY,合并期末,2021-07-29T13:17:02
20201231,,15818058050.83,12891964995.37,3121792836.7,2679061704.25,,10080197125.07,,8618596336.02,696107708.79,520459172.63,520459172.63,,,,,9893007.8,1946978340.59,,,,,2436.12,,,407470911.13,,581012679.63,4426113229.35,,,,384095282.0,298816813.81,85278468.19,,85278468.19,,,85278468.19,,256558850.9,116795141.88,1005972.76,,,,471453813.41,161342679.84,47319116761.64,,71539400.0,,3163290691.41,2101261186.53,62606701.71,12243265.01,1225674225.41,66746669.57,66746669.57,,1203495694.19,77377477.55,,,,16713168276.77,,,,,,,,546056032.0,9267603677.48,,,,,,,255288223.39,15877603.68,903282774.55,35685511899.25,,2918700000.0,,,,1759443902.12,,-21097866.4,,720259467.78,1557039902.34,,4325900122.36,,11260245528.2,373359334.19,11633604862.39,47319116761.64,招股说明书/意向书,是,20221216,CNY,合并期末,2021-04-23T21:37:01
20200930,,15317691938.55,12483049196.13,3160983043.06,2426749833.1,,10324883510.06,,7459844817.16,641731400.41,1584975411.7,1584975411.7,,,,,12047054.13,2951157557.68,,,,,,,,395016562.15,,1926212685.01,6340180499.41,,,,,,,,87397338.38,,,87397338.38,,206827240.94,103948889.11,99828707.6,,,,449584734.52,326898345.91,51389209735.78,,1440837597.55,,,600606666.71,494755584.56,13317681.72,5338886496.35,328046980.37,328046980.37,,1243844561.38,29795920.14,,,,16744631503.08,,,,,,,,384176384.0,12383492178.55,,,,,,,206303615.53,14726527.06,654466818.94,39877888515.94,,2918700000.0,,,,1952030243.4,,-24346624.79,,643189123.07,1416470687.14,,4236677292.4,,11142720721.22,368600498.62,11511321219.84,51389209735.78,募集说明书,未审计,20210318,CNY,合并期末,2021-03-18T18:12:02
20200630,,16020053400.54,12880767713.46,3696088844.03,2784325853.56,,8513336467.01,,7671555455.5,2494024456.72,394348978.98,394348978.98,,,,,3551671.06,2592058932.52,,,,,3883344.24,,,404739493.85,,2385190467.67,1952017920.48,,,,409175864.5,319991070.24,89184794.26,,89184794.26,,,89184794.26,,281254769.6,105804199.78,1005972.76,,,,484545008.93,150275334.29,47242919512.22,,185245632.0,,2165104753.74,2422065417.21,,,2056303033.34,127415546.51,127415546.51,,1147290551.95,28798768.29,,,,16871771812.21,,,,,,,,582043968.0,9482465060.31,,,,,,,289462361.63,5781512.68,627402301.01,35991150718.88,,2918700000.0,,,,1759370937.15,,25833248.59,,689151372.21,1478541113.45,,3999404834.19,,10871001505.59,380767287.75,11251768793.34,47242919512.22,招股说明书(申报稿),是,20201231,CNY,合并期末,2020-08-28T17:17:02
20191231,,13526273616.64,11414878249.39,2714429995.53,2154836363.95,,7487098415.46,,8133904544.28,2723206672.61,223670217.29,223670217.29,,,,,9165812.18,1323359459.72,,,,,26288509.0,,,393526119.38,,3360690721.45,4231064274.79,,,,405271173.53,311425597.82,93845575.71,,93845575.71,,,93845575.71,,316775325.05,112050143.52,1005972.76,,,,486482515.58,143899484.21,45306737375.16,,26873400.0,,,1100568055.59,,,5074923371.92,18166369.22,18166369.22,,749647687.36,51660408.08,,,,14321808466.71,,,,,,,,403101000.0,12757115124.99,,,,,,,316173346.41,2424455.28,960710275.24,35783171960.8,,2568700000.0,,,,775870937.15,,40533929.95,,643189123.07,1378203669.57,,3762118602.01,,9168616261.75,354949152.61,9523565414.36,45306737375.16,招股说明书/意向书,是,20221216,CNY,合并期末,2020-04-16T21:17:02
20190930,,15501101303.26,11364900266.71,2481742744.99,1965164221.82,,6675230286.76,,5109299032.64,2652358647.55,1345035934.02,1345035934.02,,,,,8912936.84,1995259033.65,,,,,34022650.21,,,394648346.72,,3440717907.8,5074119225.39,,,,,,,,96710229.27,,,96710229.27,,337138610.92,101404754.51,99828707.6,,,,506456550.26,307786279.38,46161773181.78,,268464464.81,,,800462222.28,683938.04,,6144394410.61,244335553.27,244335553.27,,707337180.42,54826647.09,,,,14666893333.98,,,,,,,,405904500.0,12106656195.67,,,,,,,315420283.49,,834581766.33,36549960496.0,,2568700000.0,,,,794765572.06,,45317159.1,,630911038.53,1340876095.54,,3844925901.53,,9225495766.75,386316919.02,9611812685.78,46161773181.78,募集说明书,未审计,20200324,CNY,合并期末,2020-03-24T17:52:03
20190630,,13839807328.41,11523599219.12,3257166399.24,2679832879.99,,6967849391.7,,5349049386.85,2457272568.15,1461697856.01,1461697856.01,,,,,13985247.42,1249963127.43,,,,,35693106.31,,,371827344.66,,3403119236.59,3668765828.02,,,,,,,,102394619.1,,,102394619.1,,422269165.08,105157821.98,99870291.62,,,,464671723.73,176223992.25,43446784434.55,,,,,1350633000.0,,,4256462420.69,269193317.1,269193317.1,,665734934.74,1517188.08,,,,14949838403.59,,,,,,,,395847000.0,10600608099.7,,,,,,,,,1336331181.58,33826165545.48,,2568700000.0,,,,775823950.79,,31244731.66,,630911038.53,1343972111.6,,3885575347.28,,9236227179.86,384391709.21,9620618889.07,43446784434.55,其他,未审计,20190829,CNY,合并期末,2020-03-13T15:27:09
20190331,,14723245049.33,12126447661.24,3331779085.5,2534370502.7,,6979331075.64,,5969629167.79,4129815899.78,1137260245.05,1137260245.05,,,,,8062829.91,1476168980.97,,,,,2679042.39,,,57429426.11,,3399465006.98,2242008276.99,,,,,,,,101344094.96,,,101344094.96,,397301711.32,105538222.65,1005972.76,,,,426940138.21,128833709.82,44617837936.16,,,,,800395000.04,,,4915031688.08,-2938805.14,-2938805.14,,619552129.17,6135463.6,,,,15843549526.72,,,,,,,,,12465727728.22,,,,381440546.94,,,,88268.06,266308157.79,35295289703.48,,2568700000.0,,,,898380837.76,,16017554.97,,630911038.53,1340900033.73,,3769278337.32,,9224187802.31,98360430.37,9322548232.68,44617837936.16,其他,未审计,20190710,CNY,合并期末,2020-03-13T15:27:09
20181231,,10630912243.45,7907349990.33,2834367111.07,2177803556.22,,6215791540.45,,5302028207.85,5570488520.1,209767119.14,209767119.14,,,,,8062829.97,961898226.23,,,,,2679042.39,,,371062435.83,,3295182722.03,2031519238.17,,,,,,,,117288840.01,,,117288840.01,,,112023164.94,1005972.76,,,,491673681.3,241859503.85,38397610399.54,,109525000.0,,,2502473611.17,,,2764248523.63,27883431.4,27883431.4,,613592954.54,10661385.1,,,,10752772982.37,,,,,,,,394290000.0,11000096112.26,,,,,,,,158099.87,432005006.62,28607707106.96,,2568700000.0,,,,1249524708.02,,23289808.65,,630911038.53,1340876095.54,,3601656268.65,,9414957919.39,374945373.19,9789903292.58,38397610399.54,招股说明书(申报稿),是,20210423,CNY,合并期末,2020-03-13T15:27:09
20180930,,10020436860.06,7621117724.49,2808194704.69,2406299701.38,,5846810461.78,,5836913886.62,4797651223.15,169201744.82,169201744.82,,,,,547629188.1,1391039716.36,,,,,182011941.62,,,56260335.36,,4329277596.88,2195690753.18,,,,,,,,111382812.47,,,111382812.47,,,102040161.77,1005972.76,,,,437177387.21,581684512.32,39414409259.15,,,,,2580000000.0,,166145851.48,4111100000.0,9283793.14,9283793.14,,578244584.44,-5294669.62,,221943686.5,,11148819891.79,,,,,,,,,10600000000.0,,,,,,,,7263112.92,949975634.68,30367481885.33,,2568700000.0,,,,898380837.76,,-4349624.22,,619637555.94,1308727027.24,,3552748226.18,,8943844022.9,103083350.92,9046927373.82,39414409259.15,其他,未审计,20190314,CNY,合并期末,2020-03-13T15:27:09
20180630,,10640702057.55,8289985583.82,3467011246.89,3184155684.55,,7318294777.69,,9230646097.19,5541973236.4,107599718.8,107599718.8,,,,,564835263.2,1502330169.17,,,,,148550916.72,,,56193217.45,,,,,60517340.0,4898028229.46,,,,,110815351.97,699457.89,,111514809.86,,,101649404.58,1005972.76,,,61703587.21,422313059.79,181391743.19,44416260847.91,,,,,630000000.0,,136206166.15,4440600000.0,11237850.55,11237850.55,,586696403.39,75500190.19,,312950999.95,,12614673984.64,,,,,,,,2000000000.0,11100000000.0,,,,,,,,-258222.74,3403384064.43,35310991436.56,,2568700000.0,,,,898380837.76,,-139709953.96,,619637555.94,1306056428.27,,3749103647.9,,9002168515.91,103100895.44,9105269411.35,44416260847.91,其他,未审计,20180829,CNY,合并期末,2020-03-13T15:27:09
20171231,,13179931271.41,8624027815.26,3872590300.76,3369228718.85,,7819652744.45,,12643670895.27,6456070469.16,312242196.61,312242196.61,,,,,631767694.37,1059437507.27,,,,,,2850844049.58,,339032628.66,,4973293459.61,,,,,409750233.81,275853729.97,133896503.84,,133896503.84,,,133896503.84,,,105007287.39,1005972.76,,,,421959970.58,256141706.64,55056544658.36,,449227229.01,,,800000000.0,,,4152762568.04,10767866.3,10767866.3,,868173819.09,47563270.31,,628994884.94,,12630609130.12,,,,,,,,2000000000.0,16571888260.0,,,,,,,,2321856.54,7195061681.9,45357370566.25,,2568700000.0,,,,1249524708.02,,-27007251.96,,619637555.94,1305720711.33,,3619847569.81,,9336423293.14,362750798.97,9699174092.11,55056544658.36,招股说明书(申报稿),是,20201231,CNY,合并期末,2020-03-13T15:27:09
20170630,,16670282103.47,9511963003.91,5127693926.62,4355422367.05,,6502930437.01,,13441902311.05,4266470554.05,53019776.09,53019776.09,,,,,591039604.71,1181904959.56,,,,,32555151.49,1254614748.5,,55708275.71,,4930981891.39,,,,,,,,,121423154.42,,,121423154.42,,,93283228.77,1005972.76,,,,264090539.28,256191089.35,54845097724.23,,,,,1480000000.0,,42756092.13,5335491250.0,12629442.81,12629442.81,,627613729.7,47237367.55,,281591842.76,,14495146340.37,,,,,,,,2000000000.0,14000000000.0,,,,,,,,93739.18,7479714527.65,45802274332.15,,2568700000.0,,,,898380837.76,,9764321.74,,586342484.71,1223810535.45,,3656273057.32,,8943271236.98,99552155.1,9042823392.08,54845097724.23,其他,未审计,20170830,CNY,合并期末,2020-03-13T15:27:09
20170331,,17487555239.67,10483156768.9,4963733016.41,4343597920.32,,7801548915.6,,14577782953.19,5725655791.72,38805545.83,38805545.83,,,,,721817772.39,1594506432.15,,,,,15776439.46,806803818.22,,39655186.0,,4934555108.74,,,,,,,,,124807400.65,,,124807400.65,,,91757550.63,1005972.76,,,,260331557.31,208657308.32,59394756009.05,,,,,3500000000.0,,22644665.28,5804783045.56,17476284.21,17476284.21,,907380248.03,114168382.86,,404906170.31,,15469143809.28,,,,,,,,2000000000.0,14000000000.0,,,,,,,,1207262.63,8121244233.4,50362954101.57,,2568700000.0,,,,898380837.76,,27176546.32,,586342484.71,1223607884.11,,3631367685.36,,8935575438.26,96226469.22,9031801907.48,59394756009.05,其他,未审计,20170720,CNY,合并期末,2020-03-13T15:27:09
20161231,,14771418082.69,11281721219.93,5670903438.52,4428664029.43,,7216697619.3,,13564161828.97,3634725477.95,138069567.46,138069567.46,,,,,634664450.26,1563878826.75,,,,,9551738.43,2541658757.91,,39655186.0,,4938271410.99,,,,,,,,,131263286.86,,,131263286.86,,,95500196.27,1005972.76,,,,260331557.31,271924593.55,55483681991.98,,,,,3000000000.0,,13876613.81,7051213725.88,,12650585.75,,955355009.71,85759912.34,,415334563.22,,16361161376.7,,,,,,,,2000000000.0,8900000000.0,,,,,,,,1025068.54,7751092795.85,46547469651.8,,2568700000.0,,,,898380837.76,,23009438.72,,586342484.71,1223381713.47,,3539420345.91,,8839234820.57,96977519.61,8936212340.18,55483681991.98,其他,是,20170407,CNY,合并期末,2020-03-13T15:27:09
20160930,,13661649034.39,11611421957.06,4817757951.13,3926585617.16,,6361107224.74,,14792008569.5,3517774520.65,27006536.48,27006536.48,,,,,577016158.66,1180507599.63,,,,,75080.0,2416072071.64,,36728322.52,,4942149969.8,,,,,,,,,117165548.56,,,117165548.56,,,68042345.44,1005972.76,,,,88794906.24,287435477.99,52892297290.13,,,,,,,1887593.65,10869098250.0,,14586094.84,,841760150.9,18623433.62,,400115533.51,,15855035613.55,,,,,,,,2000000000.0,7101710000.0,,,,,,,,1774217.79,6838783712.35,43943374600.21,,2568700000.0,,,,898380837.76,,13260694.76,,535395400.0,1164069012.82,,3676157013.16,,8855962965.95,92959723.97,8948922689.92,52892297290.13,其他,未审计,20170314,CNY,合并期末,2020-03-13T15:27:09
20160630,,15129351407.99,,4707187814.28,,,6092070599.17,41425543.78,16071550716.84,4409328105.32,35377746.94,35377746.94,,,1932171.09,,644012825.83,784614873.72,,171837746.27,,,,2367288281.97,,36728322.52,,4945678539.32,,,,,,,,,118198908.04,,260173.1,118459081.14,,,68059235.55,1005972.76,,,49797357.38,89291604.42,310617648.65,56141468226.35,,,,1101710000.0,,,2196600.0,12327960502.33,,16165798.51,5819916.82,837344806.56,22516091.64,302365291.19,256006345.32,101387388.76,17691338208.9,,,,,,,,,8000000000.0,,,,,,,,318415.01,6804298678.83,47469428043.87,,2568700000.0,,,,941353000.0,,-129152238.62,,535395407.46,1164069012.82,,3494971913.5,,8575337095.16,96703087.32,8672040182.48,56141468226.35,其他,未审计,20160715,CNY,合并期末,2020-03-13T15:27:09
20151231,,18656983342.66,15318923565.12,6539390203.15,5838698008.53,,8893462219.12,,14244048032.74,2180412177.41,40964102.27,40964102.27,,,,,523309310.91,1345407142.65,,,,,,2820322112.57,,37894207.87,,700000000.0,,,,,,,,,113540419.42,,,113540419.42,,,72040660.94,1005972.76,,,,160687606.29,105446608.34,56434914119.1,,,,,1807000000.0,,,5889696784.95,,17285390.38,,1159266997.43,546365566.96,,383961799.33,,21547549162.51,,,,,,,,2000000000.0,7101710000.0,,,,,,,,9190465.14,6935435909.94,47397462076.64,,2568700000.0,,,,898380837.76,,251362606.97,,535395407.46,1110312330.0,,3570473263.88,,8934624446.07,102827596.39,9037452042.46,56434914119.1,其他,是,20160419,CNY,合并期末,2020-03-13T15:27:09
20150630,,27374259113.9,,5401280085.17,,,17018032650.84,30808337.36,9528500392.88,1796647258.5,43016264.63,43016264.63,,,2029694.82,,395489940.07,463284219.11,,1071849.66,,,11912350.0,2946680762.68,,18798435.32,,51000000.0,,,,,,,,,87203467.31,,162843.78,87366311.09,,,59354345.48,1005972.76,,,52783802.48,25419002.2,928393401.92,66237599234.13,,,,1010280000.0,3057000000.0,,,8970295000.0,,22712433.46,30819988.37,1236326606.02,103246363.75,58262698.05,257053549.13,5353241595.04,29657712417.94,,,,,,,,,8000000000.0,,,,,,,,7742661.29,31475047.62,57796168360.67,,2568700000.0,,,,1819134650.16,,,,321544197.64,659721157.34,,2967854560.69,,8336954565.83,104476307.63,8441430873.46,66237599234.13,其他,未审计,20150717,CNY,合并期末,2020-03-13T15:27:09
20141231,,10143446085.78,6405032133.21,5063379501.25,4833113637.78,,6800423133.51,,8098604165.03,930524999.02,9835874.13,9835874.13,,,,,312346271.67,913730600.67,40000000.0,,,,,1164038413.25,,18798435.32,,,,,,,,,,,83753929.06,,,83753929.06,,,57401880.24,1005972.76,,,,99636778.04,112340362.61,33849266402.34,,,,,1827000000.0,,,5342420000.0,,7355763.55,,724978815.01,207002758.66,,59786871.34,,11702350373.73,,,,,,,,2000000000.0,,,,,,,,,2209057.75,5226769269.04,27099872909.08,,2568700000.0,,,,941353000.0,,106426028.05,,321544197.64,659721157.34,,2151649110.23,,6749393493.26,,6749393493.26,33849266402.34,其他,是,20150415,CNY,合并期末,2020-03-13T15:27:09
20140630,,6368479400.0,5097490900.0,1842756200.0,1375673600.0,,3071643800.0,,3001665000.0,1031952100.0,,,,,,,137909200.0,795674800.0,,,,,,2049474000.0,,23774300.0,,,,,,,,,,,85589500.0,,,85589500.0,,,55838100.0,1006000.0,,,,82417600.0,120446500.0,18668626500.0,,,,,1277000000.0,,,1786028000.0,,,,359307500.0,44465900.0,,95469100.0,,6913837400.0,,,,,,,,,,,,,,,,,,2146599500.0,12622707400.0,,2568700000.0,,,,983059300.0,,,,229697000.0,459394000.0,,1802920100.0,,6043770400.0,2148700.0,6045919100.0,18668626500.0,其他,未审计,20140901,CNY,合并期末,2020-03-13T15:27:09
20131231,,7147098757.83,4308973359.83,1688773223.36,1558043263.94,,2661649381.86,,2743614086.57,797043704.0,13535664.24,13535664.24,,,,,131267998.92,824960734.11,,,,,,553066204.67,,23986597.4,,,,,,,282885039.15,191106518.6,91778520.55,,91778520.55,,,91778520.55,,,55722955.84,1005972.76,,,,82417550.66,108922686.8,16924844039.57,,,,1007068493.15,1077000000.0,,,1125168000.0,,604407.76,,275279598.67,67373789.84,,14436092.35,,6480796753.14,,,,,,,,1000000000.0,,,,,,,,,,106620995.83,11154348130.74,,2568700000.0,,,,936612788.47,,,,229696987.83,459393975.66,,1573070345.76,,5767474097.72,3021811.11,5770495908.83,16924844039.57,其他,是,20140418,CNY,合并期末,2020-03-13T15:27:09
20130630,,7305349800.0,5586743000.0,825850800.0,695208400.0,,,,3313842200.0,561091200.0,,,,,,,97501000.0,37344200.0,,,,,3382600.0,962707800.0,,17900000.0,,,,,,,,,,,99472600.0,,,99472600.0,,,51559000.0,,,20738900.0,,47982700.0,2851880700.0,16175864500.0,,,,,1250000000.0,,,1774665000.0,,,,134054800.0,4159200.0,,479700.0,,5732180200.0,,,,,,,,,,,,,,,,,11598600.0,1612782600.0,10519920100.0,,2568700000.0,,,,953750000.0,,,,201700800.0,201700800.0,201700800.0,1524273200.0,,5651825700.0,,5655944400.0,16175864500.0,其他,未审计,20131111,CNY,合并期末,2020-03-13T15:27:09
20121231,,5320745448.35,4399237277.18,1513028841.82,1425252630.43,,,,4008290970.12,15230700.0,,,,,,,123480124.97,903023325.76,,,,,,1310983527.52,,,,,,,,,281972715.25,169237702.76,112735012.49,,112735012.49,,,112735012.49,,,56837480.5,1005972.76,,20738884.58,,36384097.98,797487138.45,14199232640.72,,,,,,,,1884583304.66,,,,130751677.39,31895208.36,,2609949.81,,6638295314.49,,,,,,,,,,,,,,,,,,71482297.15,8759617751.86,,2568700000.0,,,,917744102.96,,,,201700825.77,403401651.54,,1348068308.59,,5439614888.86,,5439614888.86,14199232640.72,定期报告,是,20130416,CNY,合并期末,2020-03-13T15:27:09
20111231,,7879626627.17,6237552557.31,1053004713.04,978394219.55,,,,2658212254.44,264530237.77,,,,,,,95942549.93,138155147.4,,,,,,1575566333.55,,1400000.0,,859647622.02,,,,,272229187.78,133569215.7,138659972.08,,138659972.08,,,138659972.08,,,50188073.99,,,20738884.58,,48525300.17,1084421522.64,15847880354.2,,,,,,,,2072966480.86,,,,102623862.33,3547298.39,,3064559.93,,6891484427.53,,,,,,,,,,,,,,,,,,1346557428.6,10420244057.64,,2568700000.0,,,,890044762.25,,,,193344956.94,193344956.94,193344956.94,1388856663.49,,5427636296.56,,5427636296.56,15847880354.2,定期报告,是,20120427,CNY,合并期末,2020-03-13T15:27:09
20110630,,11075026651.19,9434060632.03,727604697.56,481265334.3,,,,1865629204.77,627525689.4,,,,,,,75867450.41,176071024.26,,,,,,1088853220.0,,1400000.0,,639554893.5,,,,,,,,,152485298.37,,,152485298.37,,,49226812.08,,,20738884.58,,58433725.38,1106393495.48,17644072162.4,,,,,,,,1095230000.0,,,,115257507.08,23892405.34,,1130775.47,,9493886088.35,,,,,,,,,,,,,,,,,305310.66,1534016963.16,12263719050.06,,2568700000.0,,,,929513488.61,,,,175736862.78,175736862.78,175736862.78,1354929035.39,,5380353112.34,,5380353112.34,17644072162.4,其他,未审计,20110712,CNY,合并期末,2020-03-13T15:27:09
20101231,,12750657441.85,11619995233.83,1177195034.16,1028708327.83,,,,669590217.38,349309067.67,,,,,,,40051404.07,169619233.48,,,,,,750023795.0,,1400000.0,,629538217.02,,,,,247403974.78,90323075.44,157080899.34,,157080899.34,,,157080899.34,,,51022210.11,,,20738884.58,,58433725.38,1120727086.1,17924648331.56,,,,,,,,599991000.0,,,,220318290.9,43028934.09,,1479103.97,,12125010328.91,,,,,,,,,,,,,,,,,305310.66,1663684044.83,14653817013.36,,1511000000.0,,,,-10029734.53,,,,175736862.78,175736862.78,175736862.78,1242650464.39,,3270831318.2,,3270831318.2,17924648331.56,定期报告,是,20110413,CNY,合并期末,2020-03-13T15:27:09
20091231,,13950043405.63,12278749631.44,842441793.73,804125034.65,,,,981811553.11,,,,,,,,18681780.51,162451803.57,,,,,,93312248.95,,1400000.0,,,,,,,200672858.35,52890708.01,147782150.34,210.68,147781939.66,,533943.94,148315883.6,,,43091648.24,,,20738884.58,,49369224.99,529070759.93,16819990102.26,,,,,,,,,,,,213211403.55,65870310.27,,1092103.74,,12821149330.98,,,,,,,,,,,,,,,,,8642255.56,849450681.54,13959416085.64,,1511000000.0,,,,-1273835.25,,,,135937078.92,135937078.92,135937078.92,943036615.11,,2860574016.62,,2860574016.62,16819990102.26,定期报告,是,20100429,CNY,合并期末,2020-03-13T15:27:09
20081231,,6551710142.65,5128405163.35,1170307701.59,1100498299.75,,,,9658500.7,,,,,,,,3569738.62,53050236.63,,,,,,607245189.34,,,,,,,,,,,,,136699474.69,,,136699474.69,,,32387873.76,,,20728884.58,,1520893.31,267816350.67,8833966101.96,,,,,,,,,,,,119549272.93,25654966.96,,1234259.64,,6121066919.06,,,,,,,,,,,,,,,,,,333540872.76,6601046291.35,,1511000000.0,,,,,,,,73446465.14,73446465.14,73446465.14,501580415.19,,2232919810.61,,2232919810.61,8833966101.96,定期报告,是,20090504,CNY,合并期末,2020-03-13T15:27:09
20071231,,9631469873.1,7444719765.73,562969864.03,562969864.03,,,,,,,,,,,,,125505053.73,,,,,,,,,,,,,,,,,,,67810990.65,,,67810990.65,,,25174924.48,,,18051772.58,,20624197.14,238446094.62,10672000997.75,,,,,,,,,,,,120623457.19,295998981.4,,2674521.15,,8095425182.65,,,,,,,,,,,,,,,,,,219626598.43,8734348740.82,,1511000000.0,,,,42665225.69,,,,,42665225.69,42665225.69,298656579.86,,1937652256.93,,1937652256.93,10672000997.75,定期报告,是,20080430,CNY,合并期末,2020-03-13T15:27:09
